<?xml version="1.0" encoding="UTF-8"?>
<xsl:stylesheet version="1.0" xmlns:xalan="http://xml.apache.org/xslt" xmlns:datetime="http://exslt.org/dates-and-times" xmlns:math="http://exslt.org/math" xmlns:xsl="http://www.w3.org/1999/XSL/Transform" xmlns:lxslt="http://xml.apache.org/xslt" xmlns:xsi="http://www.w3.org/2001/XMLSchema-instance" xmlns:java="http://xml.apache.org/xslt/java" xmlns:set="http://exslt.org/sets" exclude-result-prefixes="xalan java lxslt" xmlns:ns2="http://www.fiorano.com/fesb/activity/DBQuery1/Out" xmlns:ns3="http://www.w3.org/2001/XMLSchema" xmlns:FindJSONByCSV="FindJSONByCSV" xmlns:InsertQuotes="InsertQuotes" xmlns:LookupJSONValue="LookupJSONValue" xmlns:StringManipulation="StringManipulation" xmlns:dateConversion="dateConversion" xmlns:myext="myext" xmlns:strings="strings" extension-element-prefixes="datetime set math FindJSONByCSV InsertQuotes LookupJSONValue StringManipulation dateConversion myext strings">
  <xsl:import href="GLOBAL_FUNCLET_PATH"></xsl:import>
  <xsl:output method="xml" indent="yes" encoding="UTF-8" xalan:indent-amount="2" omit-xml-declaration="no"></xsl:output>
  <xsl:variable name="document" select="/"></xsl:variable>
  <xsl:variable name="document_OUT_PORT" select="document('OUT_PORT')"></xsl:variable>
  <xsl:template match="/">
    <Text>
      <xsl:variable name="if0">
        <xsl:choose>
          <xsl:when test="($document_OUT_PORT/ns2:Result/ns2:UpdateCount)=(number('1'))">
            <xsl:value-of select="concat('&lt;root&gt;&lt;status&gt;200&lt;/status&gt;','&lt;BOL&gt;',root/RequestData/BOLNumber,'&lt;/BOL&gt;&lt;/root&gt;')"></xsl:value-of>
          </xsl:when>
          <xsl:otherwise>
            <xsl:value-of select="'&lt;status&gt;Failure&lt;/status&gt;'"></xsl:value-of>
          </xsl:otherwise>
        </xsl:choose>
      </xsl:variable>
      <xsl:value-of select="$if0"></xsl:value-of>
    </Text>
  </xsl:template>
</xsl:stylesheet>