<?xml version="1.0" encoding="UTF-8"?> 
<java version="1.8.0_121" class="java.beans.XMLDecoder"> 
 <object class="com.fiorano.edbc.jsonconverter.model.JSONConverterPM"> 
  <void property="configuredVersion"> 
   <int>1100</int> 
  </void> 
  <void property="errorHandlingConfiguration"> 
   <void property="errorActionsMap"> 
    <void method="get"> 
     <object class="com.fiorano.edbc.framework.service.exception.ServiceErrorID" method="getServiceErrorId"> 
      <int>3</int> 
     </object> 
     <void method="clear"/> 
     <void method="add"> 
      <object class="com.fiorano.edbc.framework.service.exception.ErrorHandlingAction"> 
       <void property="enabled"> 
        <boolean>true</boolean> 
       </void> 
      </object> 
     </void> 
     <void method="add"> 
      <object class="com.fiorano.edbc.framework.service.exception.ErrorHandlingAction"> 
       <void property="enabled"> 
        <boolean>true</boolean> 
       </void> 
       <void property="id"> 
        <int>5</int> 
       </void> 
      </object> 
     </void> 
    </void> 
    <void method="get"> 
     <object class="com.fiorano.edbc.framework.service.exception.ServiceErrorID" method="getServiceErrorId"> 
      <int>2</int> 
     </object> 
     <void method="clear"/> 
     <void method="add"> 
      <object class="com.fiorano.edbc.framework.service.exception.ErrorHandlingAction"> 
       <void property="enabled"> 
        <boolean>true</boolean> 
       </void> 
      </object> 
     </void> 
     <void method="add"> 
      <object class="com.fiorano.edbc.framework.service.exception.ErrorHandlingAction"> 
       <void property="enabled"> 
        <boolean>true</boolean> 
       </void> 
       <void property="id"> 
        <int>1</int> 
       </void> 
      </object> 
     </void> 
    </void> 
    <void method="get"> 
     <object class="com.fiorano.edbc.framework.service.exception.ServiceErrorID" method="getServiceErrorId"> 
      <int>1</int> 
     </object> 
     <void method="clear"/> 
     <void method="add"> 
      <object class="com.fiorano.edbc.framework.service.exception.ErrorHandlingAction"> 
       <void property="enabled"> 
        <boolean>true</boolean> 
       </void> 
      </object> 
     </void> 
     <void method="add"> 
      <object class="com.fiorano.edbc.framework.service.exception.RetryAction"> 
       <void property="configuration"> 
        <object class="com.fiorano.edbc.framework.service.exception.RetryConfiguration"> 
         <void property="otherActions"> 
          <void method="put"> 
           <object class="com.fiorano.edbc.framework.service.exception.ErrorHandlingAction"> 
            <void property="id"> 
             <int>1</int> 
            </void> 
           </object> 
           <int>1</int> 
          </void> 
          <void method="put"> 
           <object class="com.fiorano.edbc.framework.service.exception.ErrorHandlingAction"/> 
           <int>1</int> 
          </void> 
         </void> 
        </object> 
       </void> 
       <void property="id"> 
        <int>2</int> 
       </void> 
      </object> 
     </void> 
     <void method="add"> 
      <object class="com.fiorano.edbc.framework.service.exception.ErrorHandlingAction"> 
       <void property="enabled"> 
        <boolean>true</boolean> 
       </void> 
       <void property="id"> 
        <int>1</int> 
       </void> 
      </object> 
     </void> 
     <void method="add"> 
      <object class="com.fiorano.edbc.framework.service.exception.ErrorHandlingAction"> 
       <void property="id"> 
        <int>5</int> 
       </void> 
      </object> 
     </void> 
     <void method="add"> 
      <object class="com.fiorano.edbc.framework.service.exception.ErrorHandlingAction"> 
       <void property="id"> 
        <int>4</int> 
       </void> 
      </object> 
     </void> 
    </void> 
    <void method="get"> 
     <object class="com.fiorano.edbc.framework.service.exception.ServiceErrorID" method="getServiceErrorId"> 
      <int>0</int> 
     </object> 
     <void method="clear"/> 
     <void method="add"> 
      <object class="com.fiorano.edbc.framework.service.exception.ErrorHandlingAction"> 
       <void property="enabled"> 
        <boolean>true</boolean> 
       </void> 
      </object> 
     </void> 
     <void method="add"> 
      <object class="com.fiorano.edbc.framework.service.exception.ErrorHandlingAction"> 
       <void property="id"> 
        <int>6</int> 
       </void> 
      </object> 
     </void> 
     <void method="add"> 
      <object class="com.fiorano.edbc.framework.service.exception.ErrorHandlingAction"> 
       <void property="enabled"> 
        <boolean>true</boolean> 
       </void> 
       <void property="id"> 
        <int>1</int> 
       </void> 
      </object> 
     </void> 
     <void method="add"> 
      <object class="com.fiorano.edbc.framework.service.exception.ErrorHandlingAction"> 
       <void property="id"> 
        <int>5</int> 
       </void> 
      </object> 
     </void> 
    </void> 
   </void> 
  </void> 
  <void property="outputSchemaDefinition"> 
   <object class="fiorano.esb.record.ESBRecordDefinition"> 
    <void property="rootElementName"> 
     <string>root</string> 
    </void> 
    <void property="structure"> 
     <string>&lt;xs:schema attributeFormDefault=&quot;unqualified&quot; elementFormDefault=&quot;qualified&quot; xmlns:xs=&quot;http://www.w3.org/2001/XMLSchema&quot;&gt;&#13;
  &lt;xs:element name=&quot;root&quot;&gt;&#13;
    &lt;xs:complexType&gt;&#13;
      &lt;xs:sequence&gt;&#13;
        &lt;xs:element type=&quot;xs:byte&quot; name=&quot;CompanyId&quot;/&gt;&#13;
        &lt;xs:element type=&quot;xs:string&quot; name=&quot;CompanyName&quot;/&gt;&#13;
        &lt;xs:element type=&quot;xs:string&quot; name=&quot;CompanyStreet1&quot;/&gt;&#13;
        &lt;xs:element type=&quot;xs:string&quot; name=&quot;CompanyStreet2&quot;/&gt;&#13;
        &lt;xs:element type=&quot;xs:string&quot; name=&quot;CompanyCity&quot;/&gt;&#13;
        &lt;xs:element type=&quot;xs:string&quot; name=&quot;CompanyState&quot;/&gt;&#13;
        &lt;xs:element type=&quot;xs:int&quot; name=&quot;CompanyZip&quot;/&gt;&#13;
        &lt;xs:element type=&quot;xs:string&quot; name=&quot;CompanyCountry&quot;/&gt;&#13;
        &lt;xs:element type=&quot;xs:string&quot; name=&quot;CompanyEmail&quot;/&gt;&#13;
        &lt;xs:element type=&quot;xs:byte&quot; name=&quot;CompanyContactId&quot;/&gt;&#13;
        &lt;xs:element type=&quot;xs:string&quot; name=&quot;CompanyContactFirstName&quot;/&gt;&#13;
        &lt;xs:element type=&quot;xs:string&quot; name=&quot;CompanyContactLastName&quot;/&gt;&#13;
        &lt;xs:element type=&quot;xs:string&quot; name=&quot;CompanyContactStreet1&quot;/&gt;&#13;
        &lt;xs:element type=&quot;xs:string&quot; name=&quot;CompanyContactStreet2&quot;/&gt;&#13;
        &lt;xs:element type=&quot;xs:string&quot; name=&quot;CompanyContactCity&quot;/&gt;&#13;
        &lt;xs:element type=&quot;xs:string&quot; name=&quot;CompanyContactState&quot;/&gt;&#13;
        &lt;xs:element type=&quot;xs:int&quot; name=&quot;CompanyContactZip&quot;/&gt;&#13;
        &lt;xs:element type=&quot;xs:string&quot; name=&quot;CompanyContactCountry&quot;/&gt;&#13;
        &lt;xs:element type=&quot;xs:string&quot; name=&quot;CompanyContactEmail&quot;/&gt;&#13;
        &lt;xs:element type=&quot;xs:int&quot; name=&quot;BOLNumber&quot;/&gt;&#13;
        &lt;xs:element type=&quot;xs:byte&quot; name=&quot;ShippingTypeID&quot;/&gt;&#13;
        &lt;xs:element type=&quot;xs:string&quot; name=&quot;ShippingDate&quot;/&gt;&#13;
        &lt;xs:element type=&quot;xs:float&quot; name=&quot;ShippingSumInsured&quot;/&gt;&#13;
        &lt;xs:element type=&quot;xs:string&quot; name=&quot;ShippingMerchandiseDescription&quot;/&gt;&#13;
        &lt;xs:element type=&quot;xs:string&quot; name=&quot;OriginStreet1&quot;/&gt;&#13;
        &lt;xs:element type=&quot;xs:string&quot; name=&quot;OriginStreet2&quot;/&gt;&#13;
        &lt;xs:element type=&quot;xs:string&quot; name=&quot;OriginCity&quot;/&gt;&#13;
        &lt;xs:element type=&quot;xs:string&quot; name=&quot;OriginState&quot;/&gt;&#13;
        &lt;xs:element type=&quot;xs:int&quot; name=&quot;OriginZip&quot;/&gt;&#13;
        &lt;xs:element type=&quot;xs:string&quot; name=&quot;OriginCountry&quot;/&gt;&#13;
        &lt;xs:element type=&quot;xs:string&quot; name=&quot;DestinationStreet1&quot;/&gt;&#13;
        &lt;xs:element type=&quot;xs:string&quot; name=&quot;DestinationStreet2&quot;/&gt;&#13;
        &lt;xs:element type=&quot;xs:string&quot; name=&quot;DestinationCity&quot;/&gt;&#13;
        &lt;xs:element type=&quot;xs:string&quot; name=&quot;DestinationState&quot;/&gt;&#13;
        &lt;xs:element type=&quot;xs:int&quot; name=&quot;DestinationZip&quot;/&gt;&#13;
        &lt;xs:element type=&quot;xs:string&quot; name=&quot;DestinationCountry&quot;/&gt;&#13;
        &lt;xs:element type=&quot;xs:short&quot; name=&quot;CarrierId&quot;/&gt;&#13;
        &lt;xs:element type=&quot;xs:string&quot; name=&quot;CarrierName&quot;/&gt;&#13;
        &lt;xs:element type=&quot;xs:string&quot; name=&quot;BrokerId&quot;/&gt;&#13;
        &lt;xs:element type=&quot;xs:string&quot; name=&quot;BrokerName&quot;/&gt;&#13;
        &lt;xs:element type=&quot;xs:string&quot; name=&quot;BrokerStreet1&quot;/&gt;&#13;
        &lt;xs:element type=&quot;xs:string&quot; name=&quot;BrokerStreet2&quot;/&gt;&#13;
        &lt;xs:element type=&quot;xs:string&quot; name=&quot;BrokerCity&quot;/&gt;&#13;
        &lt;xs:element type=&quot;xs:string&quot; name=&quot;BrokerState&quot;/&gt;&#13;
        &lt;xs:element type=&quot;xs:string&quot; name=&quot;BrokerZip&quot;/&gt;&#13;
        &lt;xs:element type=&quot;xs:string&quot; name=&quot;BrokerCountry&quot;/&gt;&#13;
        &lt;xs:element type=&quot;xs:string&quot; name=&quot;BrokerEmail&quot;/&gt;&#13;
        &lt;xs:element type=&quot;xs:string&quot; name=&quot;BrokerContactId&quot;/&gt;&#13;
        &lt;xs:element type=&quot;xs:string&quot; name=&quot;BrokerContactFirstName&quot;/&gt;&#13;
        &lt;xs:element type=&quot;xs:string&quot; name=&quot;BrokerContactLastName&quot;/&gt;&#13;
        &lt;xs:element type=&quot;xs:string&quot; name=&quot;BrokerContactStreet1&quot;/&gt;&#13;
        &lt;xs:element type=&quot;xs:string&quot; name=&quot;BrokerContactStreet2&quot;/&gt;&#13;
        &lt;xs:element type=&quot;xs:string&quot; name=&quot;BrokerContactCity&quot;/&gt;&#13;
        &lt;xs:element type=&quot;xs:string&quot; name=&quot;BrokerContactState&quot;/&gt;&#13;
        &lt;xs:element type=&quot;xs:string&quot; name=&quot;BrokerContactZip&quot;/&gt;&#13;
        &lt;xs:element type=&quot;xs:string&quot; name=&quot;BrokerContactCountry&quot;/&gt;&#13;
        &lt;xs:element type=&quot;xs:string&quot; name=&quot;BrokerContactEmail&quot;/&gt;&#13;
        &lt;xs:element type=&quot;xs:string&quot; name=&quot;IsTruckload&quot;/&gt;&#13;
        &lt;xs:element type=&quot;xs:string&quot; name=&quot;DeliveryDate&quot;/&gt;&#13;
      &lt;/xs:sequence&gt;&#13;
    &lt;/xs:complexType&gt;&#13;
  &lt;/xs:element&gt;&#13;
&lt;/xs:schema&gt;</string> 
    </void> 
    <void property="targetNamespace"> 
     <string></string> 
    </void> 
   </object> 
  </void> 
  <void property="rootName"> 
   <string>Row</string> 
  </void> 
 </object> 
</java> 
