<?xml version="1.0" encoding="ASCII"?>
<layout>
  <subflow name="FIORANO.ESTUDIO.ROOT_FLOW" x="0" y="0">
    <service-instance name="XMLSplitter1" x="283" y="425"/>
    <service-instance name="DBQuery1" x="185" y="350"/>
    <service-instance name="XMLVerfication1" x="375" y="319"/>
    <service-instance name="JSONConverter1" x="484" y="412"/>
    <service-instance name="Write_CSV_Locally" x="1047" y="511"/>
    <service-instance name="POST_To_FTP" x="1138" y="623"/>
    <service-instance name="Update_Processing_Status" x="924" y="702"/>
    <service-instance name="Aggregator2" x="659" y="436"/>
    <service-instance name="JSONConverter2" x="566" y="318"/>
    <service-instance name="JSONConverter3" x="760" y="315"/>
    <service-instance name="JSONConverter4" x="852" y="478"/>
    <service-instance name="XML2Text4" x="965" y="604"/>
    <service-instance name="XMLSplitter2" x="572" y="702"/>
    <service-instance name="XMLVerfication2" x="764" y="702"/>
    <service-instance name="Display1" x="1052" y="702"/>
  </subflow>
</layout>