<?xml version="1.0" encoding="UTF-8"?>
<target:target xmlns:xsi="http://www.w3.org/2001/XMLSchema-instance" xmlns:target="http://fiorano.com/environment/1.0" xsi:schemaLocation="http://fiorano.com/environment/1.0 env.xsd">
  <target:instance name="RESTStub1">
    <target:instance-properties>
      <target:deployment cache="true" nodes="fps"/>
    </target:instance-properties>
    <target:configuration-properties>
      <target:property encrypt="true" name="HTTP Password" type="java.lang.String"></target:property>
      <target:property encrypt="false" name="FESConnectionConfiguration" type="NamedObject">&lt;?xml version=&quot;1.0&quot; encoding=&quot;UTF-8&quot; standalone=&quot;yes&quot;?>
&lt;ns1:namedConfiguration ns1:CLASS_NAME=&quot;com.fiorano.esb.common.connections.configuration.FESConnectionConfiguration&quot; xmlns:ns1=&quot;uri:com.fiorano.esb.common.connections.configuration&quot;>
    &lt;ns1:passwordFromVault>false&lt;/ns1:passwordFromVault>
    &lt;ns1:customPasswordEncryption>false&lt;/ns1:customPasswordEncryption>
    &lt;ns1:isUseConnectionDetailsFromFPS>true&lt;/ns1:isUseConnectionDetailsFromFPS>
    &lt;ns1:url>tsp_tcp://localhost:1947&lt;/ns1:url>
    &lt;ns1:backupUrl>tsp_tcp://localhost:1948&lt;/ns1:backupUrl>
    &lt;ns1:username>admin&lt;/ns1:username>
    &lt;ns1:password>DMSLzKckc/JLgIUhIpdeyw==&lt;/ns1:password>
    &lt;ns1:fspCallTimeout>180000&lt;/ns1:fspCallTimeout>
&lt;/ns1:namedConfiguration>
</target:property>
      <target:property encrypt="false" name="Authentication Type" type="java.lang.String">BASIC</target:property>
      <target:property encrypt="false" name="HTTP Basic Authentication" type="java.lang.Boolean">false</target:property>
      <target:property encrypt="false" name="HTTP Username" type="java.lang.String"></target:property>
    </target:configuration-properties>
  </target:instance>
  <target:instance name="JSONConverter1">
    <target:instance-properties>
      <target:deployment cache="true" nodes="fps"/>
    </target:instance-properties>
    <target:configuration-properties/>
  </target:instance>
  <target:instance name="JSONConverter2">
    <target:instance-properties>
      <target:deployment cache="true" nodes="fps"/>
    </target:instance-properties>
    <target:configuration-properties/>
  </target:instance>
  <target:instance name="JSONConverter3">
    <target:instance-properties>
      <target:deployment cache="true" nodes="fps"/>
    </target:instance-properties>
    <target:configuration-properties/>
  </target:instance>
  <target:instance name="JSONConverter4">
    <target:instance-properties>
      <target:deployment cache="true" nodes="fps"/>
    </target:instance-properties>
    <target:configuration-properties/>
  </target:instance>
  <target:instance name="InsertOne2">
    <target:instance-properties>
      <target:deployment cache="true" nodes="fps"/>
    </target:instance-properties>
    <target:configuration-properties>
      <target:property configurationType="resource" encrypt="false" name="DBConfigurations" type="NamedObject">MySQL_Loca</target:property>
    </target:configuration-properties>
  </target:instance>
  <target:instance name="InsertOne1">
    <target:instance-properties>
      <target:deployment cache="true" nodes="fps"/>
    </target:instance-properties>
    <target:configuration-properties>
      <target:property configurationType="resource" encrypt="false" name="DBConfigurations" type="NamedObject">MySQL_Loca</target:property>
    </target:configuration-properties>
  </target:instance>
  <target:instance name="ErrorHandling">
    <target:instance-properties>
      <target:deployment cache="true" nodes="fps"/>
    </target:instance-properties>
    <target:configuration-properties/>
  </target:instance>
</target:target>