<?xml version="1.0" encoding="UTF-8"?>
<target:target xmlns:xsi="http://www.w3.org/2001/XMLSchema-instance" xmlns:target="http://fiorano.com/environment/1.0" xsi:schemaLocation="http://fiorano.com/environment/1.0 env.xsd">
  <target:instance name="RESTStub1">
    <target:instance-properties>
      <target:deployment cache="true" nodes="fps"/>
    </target:instance-properties>
  </target:instance>
  <target:instance name="JSONConverter1">
    <target:instance-properties>
      <target:deployment cache="true" nodes="fps"/>
    </target:instance-properties>
  </target:instance>
  <target:instance name="JSONConverter2">
    <target:instance-properties>
      <target:deployment cache="true" nodes="fps"/>
    </target:instance-properties>
  </target:instance>
  <target:instance name="JSONConverter3">
    <target:instance-properties>
      <target:deployment cache="true" nodes="fps"/>
    </target:instance-properties>
  </target:instance>
  <target:instance name="JSONConverter4">
    <target:instance-properties>
      <target:deployment cache="true" nodes="fps"/>
    </target:instance-properties>
  </target:instance>
  <target:instance name="InsertOne2">
    <target:instance-properties>
      <target:deployment cache="true" nodes="fps"/>
    </target:instance-properties>
  </target:instance>
  <target:instance name="InsertOne1">
    <target:instance-properties>
      <target:deployment cache="true" nodes="fps"/>
    </target:instance-properties>
  </target:instance>
  <target:instance name="ErrorHandling">
    <target:instance-properties>
      <target:deployment cache="true" nodes="fps"/>
    </target:instance-properties>
  </target:instance>
</target:target>