<?xml version="1.0" encoding="UTF-8"?>
<target:target xmlns:xsi="http://www.w3.org/2001/XMLSchema-instance" xmlns:target="http://fiorano.com/environment/1.0" xsi:schemaLocation="http://fiorano.com/environment/1.0 env.xsd">
  <target:instance name="Update_Processing_Status">
    <target:instance-properties>
      <target:deployment cache="true" nodes="fps"/>
    </target:instance-properties>
    <target:configuration-properties>
      <target:property configurationType="resource" encrypt="false" name="DBConfigurations" type="NamedObject">MySQL_Loca</target:property>
    </target:configuration-properties>
  </target:instance>
  <target:instance name="DBQuery1">
    <target:instance-properties>
      <target:deployment cache="true" nodes="fps"/>
    </target:instance-properties>
    <target:configuration-properties>
      <target:property configurationType="resource" encrypt="false" name="DBConfigurations" type="NamedObject">MySQL_Loca</target:property>
    </target:configuration-properties>
  </target:instance>
  <target:instance name="XMLSplitter2">
    <target:instance-properties>
      <target:deployment cache="true" nodes="fps"/>
    </target:instance-properties>
    <target:configuration-properties/>
  </target:instance>
  <target:instance name="XMLVerfication2">
    <target:instance-properties>
      <target:deployment cache="true" nodes="fps"/>
    </target:instance-properties>
    <target:configuration-properties/>
  </target:instance>
  <target:instance name="XML2Text4">
    <target:instance-properties>
      <target:deployment cache="true" nodes="fps"/>
    </target:instance-properties>
    <target:configuration-properties>
      <target:property encrypt="false" name="FlatXMLConfiguration" type="NamedObject">&lt;?xml version=&quot;1.0&quot; encoding=&quot;UTF-8&quot; standalone=&quot;yes&quot;?>
&lt;ns1:namedConfiguration ns1:CLASS_NAME=&quot;com.fiorano.adapter.jca.flattoxml.FlatXMLConfiguration&quot; xmlns:ns1=&quot;uri:com.fiorano.adapter.jca.flattoxml&quot;>
    &lt;ns1:schemaContent>&amp;lt;?xml version=&quot;1.0&quot; encoding=&quot;UTF-8&quot;?&amp;gt;

&amp;lt;!DOCTYPE FileLayout
  PUBLIC &quot;-//Fiorano Software Technologies Pvt. Ltd.//DTD FileSchema 1.0//EN&quot; &quot;fileschema_1_0.dtd&quot;&amp;gt;
&amp;lt;FileLayout&amp;gt;
   &amp;lt;FileSections name=&quot;EmptySchema&quot;&amp;gt;
      &amp;lt;GlobalParsingInfo ignore-lines-start-lineno=&quot;0&quot; ignore-lines-end-lineno=&quot;0&quot;&amp;gt;
         &amp;lt;RecordDelimiter&amp;gt;
            &amp;lt;Delimiter type=&quot;custom-delimiter&quot; escapeCharType=&quot;Character&quot;&amp;gt;0A&amp;lt;/Delimiter&amp;gt;
         &amp;lt;/RecordDelimiter&amp;gt;
         &amp;lt;DefaultFieldDelimiter&amp;gt;
            &amp;lt;Delimiter type=&quot;custom-delimiter&quot; escapeCharType=&quot;Character&quot; escapeChar=&quot;5c&quot;&amp;gt;2c&amp;lt;/Delimiter&amp;gt;
         &amp;lt;/DefaultFieldDelimiter&amp;gt;
      &amp;lt;/GlobalParsingInfo&amp;gt;
      &amp;lt;Record xmlType=&quot;Element&quot; minOccurs=&quot;-1&quot; maxOccurs=&quot;-1&quot; parsingType=&quot;DELIMITED&quot; childCount=&quot;-1&quot; name=&quot;Record1&quot;&amp;gt;
         &amp;lt;RecordIdentifier type=&quot;None&quot;/&amp;gt;
         &amp;lt;FieldDelimiter&amp;gt;
            &amp;lt;Delimiter type=&quot;custom-delimiter&quot; escapeCharType=&quot;Character&quot;&amp;gt;2c&amp;lt;/Delimiter&amp;gt;
         &amp;lt;/FieldDelimiter&amp;gt;
         &amp;lt;RecordContent&amp;gt;
            &amp;lt;Field xmlType=&quot;Element&quot; startPosition=&quot;1&quot; endPosition=&quot;1&quot; trimspaces=&quot;None&quot; alignment=&quot;LEFT&quot; mapIfNull=&quot;YES&quot; name=&quot;Element1&quot;&amp;gt;
               &amp;lt;DataType format=&quot;&quot;&amp;gt;String&amp;lt;/DataType&amp;gt;
            &amp;lt;/Field&amp;gt;
            &amp;lt;Field xmlType=&quot;Element&quot; startPosition=&quot;1&quot; endPosition=&quot;1&quot; trimspaces=&quot;None&quot; alignment=&quot;LEFT&quot; mapIfNull=&quot;YES&quot; name=&quot;Element2&quot;&amp;gt;
               &amp;lt;DataType format=&quot;&quot;&amp;gt;String&amp;lt;/DataType&amp;gt;
            &amp;lt;/Field&amp;gt;
            &amp;lt;Field xmlType=&quot;Element&quot; startPosition=&quot;1&quot; endPosition=&quot;1&quot; trimspaces=&quot;None&quot; alignment=&quot;LEFT&quot; mapIfNull=&quot;YES&quot; name=&quot;Element3&quot;&amp;gt;
               &amp;lt;DataType format=&quot;&quot;&amp;gt;String&amp;lt;/DataType&amp;gt;
            &amp;lt;/Field&amp;gt;
            &amp;lt;Field xmlType=&quot;Element&quot; startPosition=&quot;1&quot; endPosition=&quot;1&quot; trimspaces=&quot;None&quot; alignment=&quot;LEFT&quot; mapIfNull=&quot;YES&quot; name=&quot;Element4&quot;&amp;gt;
               &amp;lt;DataType format=&quot;&quot;&amp;gt;String&amp;lt;/DataType&amp;gt;
            &amp;lt;/Field&amp;gt;
            &amp;lt;Field xmlType=&quot;Element&quot; startPosition=&quot;1&quot; endPosition=&quot;1&quot; trimspaces=&quot;None&quot; alignment=&quot;LEFT&quot; mapIfNull=&quot;YES&quot; name=&quot;Element5&quot;&amp;gt;
               &amp;lt;DataType format=&quot;&quot;&amp;gt;String&amp;lt;/DataType&amp;gt;
            &amp;lt;/Field&amp;gt;
            &amp;lt;Field xmlType=&quot;Element&quot; startPosition=&quot;1&quot; endPosition=&quot;1&quot; trimspaces=&quot;None&quot; alignment=&quot;LEFT&quot; mapIfNull=&quot;YES&quot; name=&quot;Element6&quot;&amp;gt;
               &amp;lt;DataType format=&quot;&quot;&amp;gt;String&amp;lt;/DataType&amp;gt;
            &amp;lt;/Field&amp;gt;
            &amp;lt;Field xmlType=&quot;Element&quot; startPosition=&quot;1&quot; endPosition=&quot;1&quot; trimspaces=&quot;None&quot; alignment=&quot;LEFT&quot; mapIfNull=&quot;YES&quot; name=&quot;Element7&quot;&amp;gt;
               &amp;lt;DataType format=&quot;&quot;&amp;gt;String&amp;lt;/DataType&amp;gt;
            &amp;lt;/Field&amp;gt;
            &amp;lt;Field xmlType=&quot;Element&quot; startPosition=&quot;1&quot; endPosition=&quot;1&quot; trimspaces=&quot;None&quot; alignment=&quot;LEFT&quot; mapIfNull=&quot;YES&quot; name=&quot;Element8&quot;&amp;gt;
               &amp;lt;DataType format=&quot;&quot;&amp;gt;String&amp;lt;/DataType&amp;gt;
            &amp;lt;/Field&amp;gt;
            &amp;lt;Field xmlType=&quot;Element&quot; startPosition=&quot;1&quot; endPosition=&quot;1&quot; trimspaces=&quot;None&quot; alignment=&quot;LEFT&quot; mapIfNull=&quot;YES&quot; name=&quot;Element9&quot;&amp;gt;
               &amp;lt;DataType format=&quot;&quot;&amp;gt;String&amp;lt;/DataType&amp;gt;
            &amp;lt;/Field&amp;gt;
            &amp;lt;Field xmlType=&quot;Element&quot; startPosition=&quot;1&quot; endPosition=&quot;1&quot; trimspaces=&quot;None&quot; alignment=&quot;LEFT&quot; mapIfNull=&quot;YES&quot; name=&quot;Element10&quot;&amp;gt;
               &amp;lt;DataType format=&quot;&quot;&amp;gt;String&amp;lt;/DataType&amp;gt;
            &amp;lt;/Field&amp;gt;
            &amp;lt;Field xmlType=&quot;Element&quot; startPosition=&quot;1&quot; endPosition=&quot;1&quot; trimspaces=&quot;None&quot; alignment=&quot;LEFT&quot; mapIfNull=&quot;YES&quot; name=&quot;Element11&quot;&amp;gt;
               &amp;lt;DataType format=&quot;&quot;&amp;gt;String&amp;lt;/DataType&amp;gt;
            &amp;lt;/Field&amp;gt;
            &amp;lt;Field xmlType=&quot;Element&quot; startPosition=&quot;1&quot; endPosition=&quot;1&quot; trimspaces=&quot;None&quot; alignment=&quot;LEFT&quot; mapIfNull=&quot;YES&quot; name=&quot;Element12&quot;&amp;gt;
               &amp;lt;DataType format=&quot;&quot;&amp;gt;String&amp;lt;/DataType&amp;gt;
            &amp;lt;/Field&amp;gt;
            &amp;lt;Field xmlType=&quot;Element&quot; startPosition=&quot;1&quot; endPosition=&quot;1&quot; trimspaces=&quot;None&quot; alignment=&quot;LEFT&quot; mapIfNull=&quot;YES&quot; name=&quot;Element13&quot;&amp;gt;
               &amp;lt;DataType format=&quot;&quot;&amp;gt;String&amp;lt;/DataType&amp;gt;
            &amp;lt;/Field&amp;gt;
            &amp;lt;Field xmlType=&quot;Element&quot; startPosition=&quot;1&quot; endPosition=&quot;1&quot; trimspaces=&quot;None&quot; alignment=&quot;LEFT&quot; mapIfNull=&quot;YES&quot; name=&quot;Element14&quot;&amp;gt;
               &amp;lt;DataType format=&quot;&quot;&amp;gt;String&amp;lt;/DataType&amp;gt;
            &amp;lt;/Field&amp;gt;
            &amp;lt;Field xmlType=&quot;Element&quot; startPosition=&quot;1&quot; endPosition=&quot;1&quot; trimspaces=&quot;None&quot; alignment=&quot;LEFT&quot; mapIfNull=&quot;YES&quot; name=&quot;Element15&quot;&amp;gt;
               &amp;lt;DataType format=&quot;&quot;&amp;gt;String&amp;lt;/DataType&amp;gt;
            &amp;lt;/Field&amp;gt;
            &amp;lt;Field xmlType=&quot;Element&quot; startPosition=&quot;1&quot; endPosition=&quot;1&quot; trimspaces=&quot;None&quot; alignment=&quot;LEFT&quot; mapIfNull=&quot;YES&quot; name=&quot;Element16&quot;&amp;gt;
               &amp;lt;DataType format=&quot;&quot;&amp;gt;String&amp;lt;/DataType&amp;gt;
            &amp;lt;/Field&amp;gt;
            &amp;lt;Field xmlType=&quot;Element&quot; startPosition=&quot;1&quot; endPosition=&quot;1&quot; trimspaces=&quot;None&quot; alignment=&quot;LEFT&quot; mapIfNull=&quot;YES&quot; name=&quot;Element17&quot;&amp;gt;
               &amp;lt;DataType format=&quot;&quot;&amp;gt;String&amp;lt;/DataType&amp;gt;
            &amp;lt;/Field&amp;gt;
            &amp;lt;Field xmlType=&quot;Element&quot; startPosition=&quot;1&quot; endPosition=&quot;1&quot; trimspaces=&quot;None&quot; alignment=&quot;LEFT&quot; mapIfNull=&quot;YES&quot; name=&quot;Element18&quot;&amp;gt;
               &amp;lt;DataType format=&quot;&quot;&amp;gt;String&amp;lt;/DataType&amp;gt;
            &amp;lt;/Field&amp;gt;
            &amp;lt;Field xmlType=&quot;Element&quot; startPosition=&quot;1&quot; endPosition=&quot;1&quot; trimspaces=&quot;None&quot; alignment=&quot;LEFT&quot; mapIfNull=&quot;YES&quot; name=&quot;Element19&quot;&amp;gt;
               &amp;lt;DataType format=&quot;&quot;&amp;gt;String&amp;lt;/DataType&amp;gt;
            &amp;lt;/Field&amp;gt;
            &amp;lt;Field xmlType=&quot;Element&quot; startPosition=&quot;1&quot; endPosition=&quot;1&quot; trimspaces=&quot;None&quot; alignment=&quot;LEFT&quot; mapIfNull=&quot;YES&quot; name=&quot;Element20&quot;&amp;gt;
               &amp;lt;DataType format=&quot;&quot;&amp;gt;String&amp;lt;/DataType&amp;gt;
            &amp;lt;/Field&amp;gt;
            &amp;lt;Field xmlType=&quot;Element&quot; startPosition=&quot;1&quot; endPosition=&quot;1&quot; trimspaces=&quot;None&quot; alignment=&quot;LEFT&quot; mapIfNull=&quot;YES&quot; name=&quot;Element21&quot;&amp;gt;
               &amp;lt;DataType format=&quot;&quot;&amp;gt;String&amp;lt;/DataType&amp;gt;
            &amp;lt;/Field&amp;gt;
            &amp;lt;Field xmlType=&quot;Element&quot; startPosition=&quot;1&quot; endPosition=&quot;1&quot; trimspaces=&quot;None&quot; alignment=&quot;LEFT&quot; mapIfNull=&quot;YES&quot; name=&quot;Element22&quot;&amp;gt;
               &amp;lt;DataType format=&quot;&quot;&amp;gt;String&amp;lt;/DataType&amp;gt;
            &amp;lt;/Field&amp;gt;
            &amp;lt;Field xmlType=&quot;Element&quot; startPosition=&quot;1&quot; endPosition=&quot;1&quot; trimspaces=&quot;None&quot; alignment=&quot;LEFT&quot; mapIfNull=&quot;YES&quot; name=&quot;Element23&quot;&amp;gt;
               &amp;lt;DataType format=&quot;&quot;&amp;gt;String&amp;lt;/DataType&amp;gt;
            &amp;lt;/Field&amp;gt;
            &amp;lt;Field xmlType=&quot;Element&quot; startPosition=&quot;1&quot; endPosition=&quot;1&quot; trimspaces=&quot;None&quot; alignment=&quot;LEFT&quot; mapIfNull=&quot;YES&quot; name=&quot;Element24&quot;&amp;gt;
               &amp;lt;DataType format=&quot;&quot;&amp;gt;String&amp;lt;/DataType&amp;gt;
            &amp;lt;/Field&amp;gt;
            &amp;lt;Field xmlType=&quot;Element&quot; startPosition=&quot;1&quot; endPosition=&quot;1&quot; trimspaces=&quot;None&quot; alignment=&quot;LEFT&quot; mapIfNull=&quot;YES&quot; name=&quot;Element25&quot;&amp;gt;
               &amp;lt;DataType format=&quot;&quot;&amp;gt;String&amp;lt;/DataType&amp;gt;
            &amp;lt;/Field&amp;gt;
            &amp;lt;Field xmlType=&quot;Element&quot; startPosition=&quot;1&quot; endPosition=&quot;1&quot; trimspaces=&quot;None&quot; alignment=&quot;LEFT&quot; mapIfNull=&quot;YES&quot; name=&quot;Element26&quot;&amp;gt;
               &amp;lt;DataType format=&quot;&quot;&amp;gt;String&amp;lt;/DataType&amp;gt;
            &amp;lt;/Field&amp;gt;
            &amp;lt;Field xmlType=&quot;Element&quot; startPosition=&quot;1&quot; endPosition=&quot;1&quot; trimspaces=&quot;None&quot; alignment=&quot;LEFT&quot; mapIfNull=&quot;YES&quot; name=&quot;Element27&quot;&amp;gt;
               &amp;lt;DataType format=&quot;&quot;&amp;gt;String&amp;lt;/DataType&amp;gt;
            &amp;lt;/Field&amp;gt;
            &amp;lt;Field xmlType=&quot;Element&quot; startPosition=&quot;1&quot; endPosition=&quot;1&quot; trimspaces=&quot;None&quot; alignment=&quot;LEFT&quot; mapIfNull=&quot;YES&quot; name=&quot;Element28&quot;&amp;gt;
               &amp;lt;DataType format=&quot;&quot;&amp;gt;String&amp;lt;/DataType&amp;gt;
            &amp;lt;/Field&amp;gt;
            &amp;lt;Field xmlType=&quot;Element&quot; startPosition=&quot;1&quot; endPosition=&quot;1&quot; trimspaces=&quot;None&quot; alignment=&quot;LEFT&quot; mapIfNull=&quot;YES&quot; name=&quot;Element29&quot;&amp;gt;
               &amp;lt;DataType format=&quot;&quot;&amp;gt;String&amp;lt;/DataType&amp;gt;
            &amp;lt;/Field&amp;gt;
            &amp;lt;Field xmlType=&quot;Element&quot; startPosition=&quot;1&quot; endPosition=&quot;1&quot; trimspaces=&quot;None&quot; alignment=&quot;LEFT&quot; mapIfNull=&quot;YES&quot; name=&quot;Element30&quot;&amp;gt;
               &amp;lt;DataType format=&quot;&quot;&amp;gt;String&amp;lt;/DataType&amp;gt;
            &amp;lt;/Field&amp;gt;
            &amp;lt;Field xmlType=&quot;Element&quot; startPosition=&quot;1&quot; endPosition=&quot;1&quot; trimspaces=&quot;None&quot; alignment=&quot;LEFT&quot; mapIfNull=&quot;YES&quot; name=&quot;Element31&quot;&amp;gt;
               &amp;lt;DataType format=&quot;&quot;&amp;gt;String&amp;lt;/DataType&amp;gt;
            &amp;lt;/Field&amp;gt;
            &amp;lt;Field xmlType=&quot;Element&quot; startPosition=&quot;1&quot; endPosition=&quot;1&quot; trimspaces=&quot;None&quot; alignment=&quot;LEFT&quot; mapIfNull=&quot;YES&quot; name=&quot;Element32&quot;&amp;gt;
               &amp;lt;DataType format=&quot;&quot;&amp;gt;String&amp;lt;/DataType&amp;gt;
            &amp;lt;/Field&amp;gt;
            &amp;lt;Field xmlType=&quot;Element&quot; startPosition=&quot;1&quot; endPosition=&quot;1&quot; trimspaces=&quot;None&quot; alignment=&quot;LEFT&quot; mapIfNull=&quot;YES&quot; name=&quot;Element33&quot;&amp;gt;
               &amp;lt;DataType format=&quot;&quot;&amp;gt;String&amp;lt;/DataType&amp;gt;
            &amp;lt;/Field&amp;gt;
            &amp;lt;Field xmlType=&quot;Element&quot; startPosition=&quot;1&quot; endPosition=&quot;1&quot; trimspaces=&quot;None&quot; alignment=&quot;LEFT&quot; mapIfNull=&quot;YES&quot; name=&quot;Element34&quot;&amp;gt;
               &amp;lt;DataType format=&quot;&quot;&amp;gt;String&amp;lt;/DataType&amp;gt;
            &amp;lt;/Field&amp;gt;
            &amp;lt;Field xmlType=&quot;Element&quot; startPosition=&quot;1&quot; endPosition=&quot;1&quot; trimspaces=&quot;None&quot; alignment=&quot;LEFT&quot; mapIfNull=&quot;YES&quot; name=&quot;Element35&quot;&amp;gt;
               &amp;lt;DataType format=&quot;&quot;&amp;gt;String&amp;lt;/DataType&amp;gt;
            &amp;lt;/Field&amp;gt;
            &amp;lt;Field xmlType=&quot;Element&quot; startPosition=&quot;1&quot; endPosition=&quot;1&quot; trimspaces=&quot;None&quot; alignment=&quot;LEFT&quot; mapIfNull=&quot;YES&quot; name=&quot;Element36&quot;&amp;gt;
               &amp;lt;DataType format=&quot;&quot;&amp;gt;String&amp;lt;/DataType&amp;gt;
            &amp;lt;/Field&amp;gt;
            &amp;lt;Field xmlType=&quot;Element&quot; startPosition=&quot;1&quot; endPosition=&quot;1&quot; trimspaces=&quot;None&quot; alignment=&quot;LEFT&quot; mapIfNull=&quot;YES&quot; name=&quot;Element37&quot;&amp;gt;
               &amp;lt;DataType format=&quot;&quot;&amp;gt;String&amp;lt;/DataType&amp;gt;
            &amp;lt;/Field&amp;gt;
            &amp;lt;Field xmlType=&quot;Element&quot; startPosition=&quot;1&quot; endPosition=&quot;1&quot; trimspaces=&quot;None&quot; alignment=&quot;LEFT&quot; mapIfNull=&quot;YES&quot; name=&quot;Element38&quot;&amp;gt;
               &amp;lt;DataType format=&quot;&quot;&amp;gt;String&amp;lt;/DataType&amp;gt;
            &amp;lt;/Field&amp;gt;
            &amp;lt;Field xmlType=&quot;Element&quot; startPosition=&quot;1&quot; endPosition=&quot;1&quot; trimspaces=&quot;None&quot; alignment=&quot;LEFT&quot; mapIfNull=&quot;YES&quot; name=&quot;Element39&quot;&amp;gt;
               &amp;lt;DataType format=&quot;&quot;&amp;gt;String&amp;lt;/DataType&amp;gt;
            &amp;lt;/Field&amp;gt;
            &amp;lt;Field xmlType=&quot;Element&quot; startPosition=&quot;1&quot; endPosition=&quot;1&quot; trimspaces=&quot;None&quot; alignment=&quot;LEFT&quot; mapIfNull=&quot;YES&quot; name=&quot;Element40&quot;&amp;gt;
               &amp;lt;DataType format=&quot;&quot;&amp;gt;String&amp;lt;/DataType&amp;gt;
            &amp;lt;/Field&amp;gt;
            &amp;lt;Field xmlType=&quot;Element&quot; startPosition=&quot;1&quot; endPosition=&quot;1&quot; trimspaces=&quot;None&quot; alignment=&quot;LEFT&quot; mapIfNull=&quot;YES&quot; name=&quot;Element41&quot;&amp;gt;
               &amp;lt;DataType format=&quot;&quot;&amp;gt;String&amp;lt;/DataType&amp;gt;
            &amp;lt;/Field&amp;gt;
            &amp;lt;Field xmlType=&quot;Element&quot; startPosition=&quot;1&quot; endPosition=&quot;1&quot; trimspaces=&quot;None&quot; alignment=&quot;LEFT&quot; mapIfNull=&quot;YES&quot; name=&quot;Element42&quot;&amp;gt;
               &amp;lt;DataType format=&quot;&quot;&amp;gt;String&amp;lt;/DataType&amp;gt;
            &amp;lt;/Field&amp;gt;
            &amp;lt;Field xmlType=&quot;Element&quot; startPosition=&quot;1&quot; endPosition=&quot;1&quot; trimspaces=&quot;None&quot; alignment=&quot;LEFT&quot; mapIfNull=&quot;YES&quot; name=&quot;Element43&quot;&amp;gt;
               &amp;lt;DataType format=&quot;&quot;&amp;gt;String&amp;lt;/DataType&amp;gt;
            &amp;lt;/Field&amp;gt;
            &amp;lt;Field xmlType=&quot;Element&quot; startPosition=&quot;1&quot; endPosition=&quot;1&quot; trimspaces=&quot;None&quot; alignment=&quot;LEFT&quot; mapIfNull=&quot;YES&quot; name=&quot;Element44&quot;&amp;gt;
               &amp;lt;DataType format=&quot;&quot;&amp;gt;String&amp;lt;/DataType&amp;gt;
            &amp;lt;/Field&amp;gt;
            &amp;lt;Field xmlType=&quot;Element&quot; startPosition=&quot;1&quot; endPosition=&quot;1&quot; trimspaces=&quot;None&quot; alignment=&quot;LEFT&quot; mapIfNull=&quot;YES&quot; name=&quot;Element45&quot;&amp;gt;
               &amp;lt;DataType format=&quot;&quot;&amp;gt;String&amp;lt;/DataType&amp;gt;
            &amp;lt;/Field&amp;gt;
            &amp;lt;Field xmlType=&quot;Element&quot; startPosition=&quot;1&quot; endPosition=&quot;1&quot; trimspaces=&quot;None&quot; alignment=&quot;LEFT&quot; mapIfNull=&quot;YES&quot; name=&quot;Element46&quot;&amp;gt;
               &amp;lt;DataType format=&quot;&quot;&amp;gt;String&amp;lt;/DataType&amp;gt;
            &amp;lt;/Field&amp;gt;
            &amp;lt;Field xmlType=&quot;Element&quot; startPosition=&quot;1&quot; endPosition=&quot;1&quot; trimspaces=&quot;None&quot; alignment=&quot;LEFT&quot; mapIfNull=&quot;YES&quot; name=&quot;Element47&quot;&amp;gt;
               &amp;lt;DataType format=&quot;&quot;&amp;gt;String&amp;lt;/DataType&amp;gt;
            &amp;lt;/Field&amp;gt;
            &amp;lt;Field xmlType=&quot;Element&quot; startPosition=&quot;1&quot; endPosition=&quot;1&quot; trimspaces=&quot;None&quot; alignment=&quot;LEFT&quot; mapIfNull=&quot;YES&quot; name=&quot;Element48&quot;&amp;gt;
               &amp;lt;DataType format=&quot;&quot;&amp;gt;String&amp;lt;/DataType&amp;gt;
            &amp;lt;/Field&amp;gt;
            &amp;lt;Field xmlType=&quot;Element&quot; startPosition=&quot;1&quot; endPosition=&quot;1&quot; trimspaces=&quot;None&quot; alignment=&quot;LEFT&quot; mapIfNull=&quot;YES&quot; name=&quot;Element49&quot;&amp;gt;
               &amp;lt;DataType format=&quot;&quot;&amp;gt;String&amp;lt;/DataType&amp;gt;
            &amp;lt;/Field&amp;gt;
            &amp;lt;Field xmlType=&quot;Element&quot; startPosition=&quot;1&quot; endPosition=&quot;1&quot; trimspaces=&quot;None&quot; alignment=&quot;LEFT&quot; mapIfNull=&quot;YES&quot; name=&quot;Element50&quot;&amp;gt;
               &amp;lt;DataType format=&quot;&quot;&amp;gt;String&amp;lt;/DataType&amp;gt;
            &amp;lt;/Field&amp;gt;
            &amp;lt;Field xmlType=&quot;Element&quot; startPosition=&quot;1&quot; endPosition=&quot;1&quot; trimspaces=&quot;None&quot; alignment=&quot;LEFT&quot; mapIfNull=&quot;YES&quot; name=&quot;Element51&quot;&amp;gt;
               &amp;lt;DataType format=&quot;&quot;&amp;gt;String&amp;lt;/DataType&amp;gt;
            &amp;lt;/Field&amp;gt;
            &amp;lt;Field xmlType=&quot;Element&quot; startPosition=&quot;1&quot; endPosition=&quot;1&quot; trimspaces=&quot;None&quot; alignment=&quot;LEFT&quot; mapIfNull=&quot;YES&quot; name=&quot;Element52&quot;&amp;gt;
               &amp;lt;DataType format=&quot;&quot;&amp;gt;String&amp;lt;/DataType&amp;gt;
            &amp;lt;/Field&amp;gt;
            &amp;lt;Field xmlType=&quot;Element&quot; startPosition=&quot;1&quot; endPosition=&quot;1&quot; trimspaces=&quot;None&quot; alignment=&quot;LEFT&quot; mapIfNull=&quot;YES&quot; name=&quot;Element53&quot;&amp;gt;
               &amp;lt;DataType format=&quot;&quot;&amp;gt;String&amp;lt;/DataType&amp;gt;
            &amp;lt;/Field&amp;gt;
            &amp;lt;Field xmlType=&quot;Element&quot; startPosition=&quot;1&quot; endPosition=&quot;1&quot; trimspaces=&quot;None&quot; alignment=&quot;LEFT&quot; mapIfNull=&quot;YES&quot; name=&quot;Element54&quot;&amp;gt;
               &amp;lt;DataType format=&quot;&quot;&amp;gt;String&amp;lt;/DataType&amp;gt;
            &amp;lt;/Field&amp;gt;
            &amp;lt;Field xmlType=&quot;Element&quot; startPosition=&quot;1&quot; endPosition=&quot;1&quot; trimspaces=&quot;None&quot; alignment=&quot;LEFT&quot; mapIfNull=&quot;YES&quot; name=&quot;Element55&quot;&amp;gt;
               &amp;lt;DataType format=&quot;&quot;&amp;gt;String&amp;lt;/DataType&amp;gt;
            &amp;lt;/Field&amp;gt;
            &amp;lt;Field xmlType=&quot;Element&quot; startPosition=&quot;1&quot; endPosition=&quot;1&quot; trimspaces=&quot;None&quot; alignment=&quot;LEFT&quot; mapIfNull=&quot;YES&quot; name=&quot;Element56&quot;&amp;gt;
               &amp;lt;DataType format=&quot;&quot;&amp;gt;String&amp;lt;/DataType&amp;gt;
            &amp;lt;/Field&amp;gt;
            &amp;lt;Field xmlType=&quot;Element&quot; startPosition=&quot;1&quot; endPosition=&quot;1&quot; trimspaces=&quot;None&quot; alignment=&quot;LEFT&quot; mapIfNull=&quot;YES&quot; name=&quot;Element57&quot;&amp;gt;
               &amp;lt;DataType format=&quot;&quot;&amp;gt;String&amp;lt;/DataType&amp;gt;
            &amp;lt;/Field&amp;gt;
            &amp;lt;Field xmlType=&quot;Element&quot; startPosition=&quot;1&quot; endPosition=&quot;1&quot; trimspaces=&quot;None&quot; alignment=&quot;LEFT&quot; mapIfNull=&quot;YES&quot; name=&quot;Element58&quot;&amp;gt;
               &amp;lt;DataType format=&quot;&quot;&amp;gt;String&amp;lt;/DataType&amp;gt;
            &amp;lt;/Field&amp;gt;
            &amp;lt;Field xmlType=&quot;Element&quot; startPosition=&quot;1&quot; endPosition=&quot;1&quot; trimspaces=&quot;None&quot; alignment=&quot;LEFT&quot; mapIfNull=&quot;YES&quot; name=&quot;Element59&quot;&amp;gt;
               &amp;lt;DataType format=&quot;&quot;&amp;gt;String&amp;lt;/DataType&amp;gt;
            &amp;lt;/Field&amp;gt;
            &amp;lt;Field xmlType=&quot;Element&quot; startPosition=&quot;1&quot; endPosition=&quot;1&quot; trimspaces=&quot;None&quot; alignment=&quot;LEFT&quot; mapIfNull=&quot;YES&quot; name=&quot;Element60&quot;&amp;gt;
               &amp;lt;DataType format=&quot;&quot;&amp;gt;String&amp;lt;/DataType&amp;gt;
            &amp;lt;/Field&amp;gt;
            &amp;lt;Field xmlType=&quot;Element&quot; startPosition=&quot;1&quot; endPosition=&quot;1&quot; trimspaces=&quot;None&quot; alignment=&quot;LEFT&quot; mapIfNull=&quot;YES&quot; name=&quot;Element61&quot;&amp;gt;
               &amp;lt;DataType format=&quot;&quot;&amp;gt;String&amp;lt;/DataType&amp;gt;
            &amp;lt;/Field&amp;gt;
            &amp;lt;Field xmlType=&quot;Element&quot; startPosition=&quot;1&quot; endPosition=&quot;1&quot; trimspaces=&quot;None&quot; alignment=&quot;LEFT&quot; mapIfNull=&quot;YES&quot; name=&quot;Element62&quot;&amp;gt;
               &amp;lt;DataType format=&quot;&quot;&amp;gt;String&amp;lt;/DataType&amp;gt;
            &amp;lt;/Field&amp;gt;
         &amp;lt;/RecordContent&amp;gt;
      &amp;lt;/Record&amp;gt;
   &amp;lt;/FileSections&amp;gt;
&amp;lt;/FileLayout&amp;gt;&lt;/ns1:schemaContent>
&lt;/ns1:namedConfiguration>
</target:property>
    </target:configuration-properties>
  </target:instance>
  <target:instance name="Display1">
    <target:instance-properties>
      <target:deployment cache="true" nodes="fps"/>
    </target:instance-properties>
  </target:instance>
  <target:instance name="Write_CSV_Locally">
    <target:instance-properties>
      <target:deployment cache="true" nodes="fps"/>
    </target:instance-properties>
    <target:configuration-properties>
      <target:property encrypt="false" name="Post Processing Arguments" type="java.lang.String"></target:property>
      <target:property configurationType="component" encrypt="false" name="FileWriterConfiguration" type="NamedObject">TESTESTT</target:property>
      <target:property encrypt="false" name="File Encoding" type="java.lang.String">UTF-8</target:property>
    </target:configuration-properties>
  </target:instance>
  <target:instance name="POST_To_FTP">
    <target:instance-properties>
      <target:deployment cache="true" nodes="fps"/>
    </target:instance-properties>
    <target:configuration-properties>
      <target:property encrypt="false" name="FTPConnectionConfiguration" type="NamedObject">&lt;?xml version=&quot;1.0&quot; encoding=&quot;UTF-8&quot; standalone=&quot;yes&quot;?>
&lt;ns1:namedConfiguration ns1:CLASS_NAME=&quot;com.fiorano.adapter.ftp.model.FTPConnectionConfiguration&quot; xmlns:ns1=&quot;uri:com.fiorano.adapter.ftp.model&quot;>
    &lt;ns1:passwordFromVault>false&lt;/ns1:passwordFromVault>
    &lt;ns1:customPasswordEncryption>false&lt;/ns1:customPasswordEncryption>
    &lt;ns1:protocol>FTP&lt;/ns1:protocol>
    &lt;ns1:host>EDI.Carrierrate.com&lt;/ns1:host>
    &lt;ns1:port>21&lt;/ns1:port>
    &lt;ns1:username>EDIADMIN&lt;/ns1:username>
    &lt;ns1:password>V3Lrg6+YdKzcmXiQe/CLtA==&lt;/ns1:password>
    &lt;ns1:timeout>0&lt;/ns1:timeout>
    &lt;ns1:clientAuthenticationType>PASSWORD&lt;/ns1:clientAuthenticationType>
    &lt;ns1:privateKeyType>DSA&lt;/ns1:privateKeyType>
    &lt;ns1:privateKeyFile>&lt;/ns1:privateKeyFile>
    &lt;ns1:privateKeyPassword>&lt;/ns1:privateKeyPassword>
    &lt;ns1:keyStoreFile>&lt;/ns1:keyStoreFile>
    &lt;ns1:keyStorePassword>&lt;/ns1:keyStorePassword>
    &lt;ns1:keyStoreAlias>&lt;/ns1:keyStoreAlias>
    &lt;ns1:implicitFTPS>false&lt;/ns1:implicitFTPS>
    &lt;ns1:validateServer>false&lt;/ns1:validateServer>
&lt;/ns1:namedConfiguration>
</target:property>
      <target:property encrypt="false" name="FTPPutTargetConfiguration" type="NamedObject">&lt;?xml version=&quot;1.0&quot; encoding=&quot;UTF-8&quot; standalone=&quot;yes&quot;?>
&lt;ns1:namedConfiguration ns1:CLASS_NAME=&quot;com.fiorano.adapter.ftp.model.FTPPutTargetConfiguration&quot; xmlns:ns1=&quot;uri:com.fiorano.adapter.ftp.model&quot;>
    &lt;ns1:targetDirectory>1&lt;/ns1:targetDirectory>
    &lt;ns1:useTempTargetDirectory>true&lt;/ns1:useTempTargetDirectory>
    &lt;ns1:tempTargetDirectory>temp&lt;/ns1:tempTargetDirectory>
    &lt;ns1:actionIfSameFileExists>APPEND&lt;/ns1:actionIfSameFileExists>
    &lt;ns1:appendDateTimeFormatPostfix>MMddyyHHmmss&lt;/ns1:appendDateTimeFormatPostfix>
    &lt;ns1:appendCounter>false&lt;/ns1:appendCounter>
    &lt;ns1:autoCreateTargetDir>true&lt;/ns1:autoCreateTargetDir>
&lt;/ns1:namedConfiguration>
</target:property>
    </target:configuration-properties>
  </target:instance>
  <target:instance name="XMLSplitter3">
    <target:instance-properties>
      <target:deployment cache="true" nodes="fps"/>
    </target:instance-properties>
    <target:configuration-properties/>
  </target:instance>
  <target:instance name="JSONConverter3">
    <target:instance-properties>
      <target:deployment cache="true" nodes="fps"/>
    </target:instance-properties>
    <target:configuration-properties/>
  </target:instance>
  <target:instance name="Aggregator1">
    <target:instance-properties>
      <target:deployment cache="true" nodes="fps"/>
    </target:instance-properties>
    <target:configuration-properties/>
  </target:instance>
  <target:instance name="XMLVerfication1">
    <target:instance-properties>
      <target:deployment cache="true" nodes="fps"/>
    </target:instance-properties>
    <target:configuration-properties/>
  </target:instance>
  <target:instance name="JSONConverter1">
    <target:instance-properties>
      <target:deployment cache="true" nodes="fps"/>
    </target:instance-properties>
    <target:configuration-properties/>
  </target:instance>
  <target:instance name="JSONConverter2">
    <target:instance-properties>
      <target:deployment cache="true" nodes="fps"/>
    </target:instance-properties>
    <target:configuration-properties/>
  </target:instance>
</target:target>