<?xml version="1.0" encoding="UTF-8"?>
<target:target xmlns:xsi="http://www.w3.org/2001/XMLSchema-instance" xmlns:target="http://fiorano.com/environment/1.0" xsi:schemaLocation="http://fiorano.com/environment/1.0 env.xsd">
  <target:instance name="Update_Processing_Status">
    <target:instance-properties>
      <target:deployment cache="true" nodes="fps"/>
    </target:instance-properties>
  </target:instance>
  <target:instance name="DBQuery1">
    <target:instance-properties>
      <target:deployment cache="true" nodes="fps"/>
    </target:instance-properties>
  </target:instance>
  <target:instance name="XMLSplitter2">
    <target:instance-properties>
      <target:deployment cache="true" nodes="fps"/>
    </target:instance-properties>
  </target:instance>
  <target:instance name="XMLVerfication2">
    <target:instance-properties>
      <target:deployment cache="true" nodes="fps"/>
    </target:instance-properties>
  </target:instance>
  <target:instance name="XML2Text4">
    <target:instance-properties>
      <target:deployment cache="true" nodes="fps"/>
    </target:instance-properties>
  </target:instance>
  <target:instance name="Display1">
    <target:instance-properties>
      <target:deployment cache="true" nodes="fps"/>
    </target:instance-properties>
  </target:instance>
  <target:instance name="Write_CSV_Locally">
    <target:instance-properties>
      <target:deployment cache="true" nodes="fps"/>
    </target:instance-properties>
  </target:instance>
  <target:instance name="POST_To_FTP">
    <target:instance-properties>
      <target:deployment cache="true" nodes="fps"/>
    </target:instance-properties>
  </target:instance>
  <target:instance name="XMLSplitter3">
    <target:instance-properties>
      <target:deployment cache="true" nodes="fps"/>
    </target:instance-properties>
  </target:instance>
  <target:instance name="JSONConverter3">
    <target:instance-properties>
      <target:deployment cache="true" nodes="fps"/>
    </target:instance-properties>
  </target:instance>
  <target:instance name="Aggregator1">
    <target:instance-properties>
      <target:deployment cache="true" nodes="fps"/>
    </target:instance-properties>
  </target:instance>
  <target:instance name="XMLVerfication1">
    <target:instance-properties>
      <target:deployment cache="true" nodes="fps"/>
    </target:instance-properties>
  </target:instance>
  <target:instance name="JSONConverter1">
    <target:instance-properties>
      <target:deployment cache="true" nodes="fps"/>
    </target:instance-properties>
  </target:instance>
  <target:instance name="JSONConverter2">
    <target:instance-properties>
      <target:deployment cache="true" nodes="fps"/>
    </target:instance-properties>
  </target:instance>
</target:target>