<?xml version="1.0" encoding="UTF-8"?>
<xsl:stylesheet version="1.0" xmlns:xalan="http://xml.apache.org/xslt" xmlns:datetime="http://exslt.org/dates-and-times" xmlns:math="http://exslt.org/math" xmlns:xsl="http://www.w3.org/1999/XSL/Transform" xmlns:lxslt="http://xml.apache.org/xslt" xmlns:xsi="http://www.w3.org/2001/XMLSchema-instance" xmlns:java="http://xml.apache.org/xslt/java" xmlns:set="http://exslt.org/sets" exclude-result-prefixes="xalan java lxslt" xmlns:ns1="http://www.fiorano.com/fesb/activity/fault" xmlns:ns2="http://www.w3.org/2001/XMLSchema" xmlns:FindJSONByCSV="FindJSONByCSV" xmlns:InsertQuotes="InsertQuotes" xmlns:LookupJSONValue="LookupJSONValue" xmlns:StringManipulation="StringManipulation" xmlns:dateConversion="dateConversion" xmlns:myext="myext" xmlns:strings="strings" extension-element-prefixes="datetime set math FindJSONByCSV InsertQuotes LookupJSONValue StringManipulation dateConversion myext strings">
  <xsl:import href="GLOBAL_FUNCLET_PATH"></xsl:import>
  <xsl:output method="xml" indent="yes" encoding="UTF-8" xalan:indent-amount="2" omit-xml-declaration="no"></xsl:output>
  <xsl:variable name="document" select="/"></xsl:variable>
  <xsl:variable name="document_ON_EXCEPTION" select="document('ON_EXCEPTION')"></xsl:variable>
  <xsl:template match="/">
    <ns1:StatusModel>
      <StatusCode>
        <xsl:value-of select="'500'"></xsl:value-of>
      </StatusCode>
      <Description>
        <xsl:value-of select="'Error with Data Mapping'"></xsl:value-of>
      </Description>
      <Identifier>
        <xsl:value-of select="'REST_STUB'"></xsl:value-of>
      </Identifier>
    </ns1:StatusModel>
  </xsl:template>
</xsl:stylesheet>