<application guid="INSURANCECOMMITANDCANCEL" version="1.0"><display name="InsuranceCommitAndCancel" categories="User Processes" /><Metadata productVersion="11" buildNo="11000" createdBy="Admin" /><creation date="07-03-2018 11:27:12" authors="eStudio" schema-version="2.0" /><deployment label="Development" /><deleteDestinationAfterStop value="Fetch_From_FES" /><durableRoute value="Fetch_From_FES" /><application-context root="root"><file>applicationContextSchema.xsd</file></application-context><service-instances><inst name="RESTStub1"><service guid="RESTStub" version="4.0" /><short-description>RESTStub component exposes Restful services in Fiorano environment</short-description><long-description>RESTStub component exposes RESTFul services in Fiorano environment</long-description><config-file name="RESTStub1.xml" /><deployment nodes="fps" /><execution><debug enabled="false" port="5000" suspend="false" /><launchOrder-Sequence sequence="-1" /><stopOrder-Sequence sequence="-1" /></execution><inputport-instances><inputport-instance name="InsuranceCommit__POST__Response"><schema root="{http://www.fiorano.com/services/rest}Responses"><file>InsuranceCommit__POST__Response.xsd</file></schema><jms><destination /><subscriber><transaction enabled="false" /><subscription durable="false" /></subscriber></jms><workflow type="0" datatype="2" enablecallout="false" /></inputport-instance><inputport-instance name="InsuranceCancel__POST__Response"><schema root="{http://www.fiorano.com/services/rest}Responses"><file>InsuranceCommit__POST__Response.xsd</file></schema><jms><destination /><subscriber><transaction enabled="false" /><subscription durable="false" /></subscriber></jms><workflow type="0" datatype="2" enablecallout="false" /></inputport-instance></inputport-instances><outputport-instances><outputport-instance name="ON_EXCEPTION"><description>Used as an Exception Port</description><schema root="{http://www.fiorano.com/fesb/activity/fault}Error"><file>ON_EXCEPTION.xsd</file></schema><jms><destination /><publisher><messages persistent="true" /></publisher></jms><workflow type="1" datatype="2" enablecallout="false" /></outputport-instance><outputport-instance name="InsuranceCommit__POST__Request"><schema root="{http://www.fiorano.com/services/rest}Request"><file>InsuranceCommit__POST__Request.xsd</file></schema><jms><destination /><publisher><messages persistent="true" /></publisher></jms><workflow type="0" datatype="2" enablecallout="false" /><transformation><script-file name="script.xml" /><project-file name="project" /></transformation></outputport-instance><outputport-instance name="InsuranceCancel__POST__Request"><schema root="{http://www.fiorano.com/services/rest}Request"><file>InsuranceCancel__POST__Request.xsd</file></schema><jms><destination /><publisher><messages persistent="true" /></publisher></jms><workflow type="0" datatype="2" enablecallout="false" /><transformation><script-file name="script.xml" /><project-file name="project" /></transformation></outputport-instance></outputport-instances><logmanager logger="java.util.logging.FileHandler"><Param name="java.util.logging.FileHandler.limit">1000000</Param><Param name="java.util.logging.FileHandler.dir">logs</Param><Param name="fiorano.jms.log2.def.DefaultFormatter.dateformat">MM/dd/yyyy HH:mm:ss</Param><Param name="java.util.logging.FileHandler.count">4</Param><Param name="fiorano.jms.log2.def.DefaultFormatter.includetimestamp">true</Param></logmanager><logmodules><logmodule name="com.fiorano.services.customencryption" level="OFF" uniqueNameRequired="true" /><logmodule name="ERR_HANDLER" level="WARNING" uniqueNameRequired="true" /><logmodule name="OUT_HANDLER" level="INFO" uniqueNameRequired="true" /><logmodule name="com.fiorano.services.reststub.RESTStubService" level="WARNING" uniqueNameRequired="true" /><logmodule name="com.fiorano.services.reststub.transport" level="WARNING" uniqueNameRequired="true" /><logmodule name="com.fiorano.services.reststub.restgateway" level="WARNING" uniqueNameRequired="true" /></logmodules><runtime-arguments><runtime-argument name="JVM_PARAMS" mandatory="false"><value> -client -DLOG_TO_STREAM=true -Xrs -XX:MetaspaceSize=128m -XX:MaxMetaspaceSize=256m</value></runtime-argument><runtime-argument name="JAVA_HOME" mandatory="false" inmemory="false" /></runtime-arguments><servicerefs /></inst><inst name="JSONConverter1"><service guid="JSONConverter" version="4.0" /><short-description>JSONConverter component is used to convert data from JSON format to XML format and vice-versa.</short-description><long-description>JSONConverter component is used to convert data from JSON format to XML format and vice-versa.</long-description><config-file name="JSONConverter1.xml" /><deployment nodes="fps" /><execution><debug enabled="false" port="5000" suspend="false" /><launchOrder-Sequence sequence="-1" /><stopOrder-Sequence sequence="-1" /></execution><inputport-instances><inputport-instance name="IN_PORT_1"><description>Receives message in XML format or JSON Object.</description><jms><destination /><subscriber><transaction enabled="false" /><subscription durable="false" /></subscriber></jms><workflow type="0" datatype="2" enablecallout="false" /></inputport-instance></inputport-instances><outputport-instances><outputport-instance name="ON_EXCEPTION"><description>Used as an Exception Port</description><schema root="{http://www.fiorano.com/fesb/activity/fault}Error"><file>ON_EXCEPTION.xsd</file></schema><jms><destination /><publisher><messages persistent="true" /></publisher></jms><workflow type="1" datatype="2" enablecallout="false" /></outputport-instance><outputport-instance name="OUT_PORT_1"><description>Sends JSON object or XML message depending on the conversion mode used.</description><schema root="root"><file>OUT_PORT_1.xsd</file></schema><jms><destination /><publisher><messages persistent="true" /></publisher></jms><workflow type="0" datatype="2" enablecallout="false" /><transformation><script-file name="script.xml" /><project-file name="project" /></transformation></outputport-instance></outputport-instances><logmanager logger="java.util.logging.FileHandler"><Param name="java.util.logging.FileHandler.limit">1000000</Param><Param name="java.util.logging.FileHandler.dir">logs</Param><Param name="fiorano.jms.log2.def.DefaultFormatter.dateformat">MM/dd/yyyy HH:mm:ss</Param><Param name="java.util.logging.FileHandler.count">4</Param><Param name="fiorano.jms.log2.def.DefaultFormatter.includetimestamp">true</Param></logmanager><logmodules><logmodule name="ERR_HANDLER" level="WARNING" uniqueNameRequired="true" /><logmodule name="com.fiorano.edbc.jsonconverter.JSONConverter" level="INFO" uniqueNameRequired="true" /><logmodule name="OUT_HANDLER" level="INFO" uniqueNameRequired="true" /></logmodules><runtime-arguments><runtime-argument name="JVM_PARAMS" mandatory="false"><value> -client -DLOG_TO_STREAM=true -Xrs -XX:MetaspaceSize=128m -XX:MaxMetaspaceSize=256m</value></runtime-argument><runtime-argument name="JAVA_HOME" mandatory="false" inmemory="false" /></runtime-arguments><servicerefs /></inst><inst name="JSONConverter2"><service guid="JSONConverter" version="4.0" /><short-description>JSONConverter component is used to convert data from JSON format to XML format and vice-versa.</short-description><long-description>JSONConverter component is used to convert data from JSON format to XML format and vice-versa.</long-description><config-file name="JSONConverter2.xml" /><deployment nodes="fps" /><execution><debug enabled="false" port="5000" suspend="false" /><launchOrder-Sequence sequence="-1" /><stopOrder-Sequence sequence="-1" /></execution><inputport-instances><inputport-instance name="IN_PORT_1"><description>Receives message in XML format or JSON Object.</description><jms><destination /><subscriber><transaction enabled="false" /><subscription durable="false" /></subscriber></jms><workflow type="0" datatype="2" enablecallout="false" /></inputport-instance></inputport-instances><outputport-instances><outputport-instance name="ON_EXCEPTION"><description>Used as an Exception Port</description><schema root="{http://www.fiorano.com/fesb/activity/fault}Error"><file>ON_EXCEPTION.xsd</file></schema><jms><destination /><publisher><messages persistent="true" /></publisher></jms><workflow type="1" datatype="2" enablecallout="false" /></outputport-instance><outputport-instance name="OUT_PORT_1"><description>Sends JSON object or XML message depending on the conversion mode used.</description><jms><destination /><publisher><messages persistent="true" /></publisher></jms><workflow type="0" datatype="2" enablecallout="false" /></outputport-instance></outputport-instances><logmanager logger="java.util.logging.FileHandler"><Param name="java.util.logging.FileHandler.limit">1000000</Param><Param name="java.util.logging.FileHandler.dir">logs</Param><Param name="fiorano.jms.log2.def.DefaultFormatter.dateformat">MM/dd/yyyy HH:mm:ss</Param><Param name="java.util.logging.FileHandler.count">4</Param><Param name="fiorano.jms.log2.def.DefaultFormatter.includetimestamp">true</Param></logmanager><logmodules><logmodule name="ERR_HANDLER" level="WARNING" uniqueNameRequired="true" /><logmodule name="com.fiorano.edbc.jsonconverter.JSONConverter" level="INFO" uniqueNameRequired="true" /><logmodule name="OUT_HANDLER" level="INFO" uniqueNameRequired="true" /></logmodules><runtime-arguments><runtime-argument name="JVM_PARAMS" mandatory="false"><value> -client -DLOG_TO_STREAM=true -Xrs -XX:MetaspaceSize=128m -XX:MaxMetaspaceSize=256m</value></runtime-argument><runtime-argument name="JAVA_HOME" mandatory="false" inmemory="false" /></runtime-arguments><servicerefs /></inst><inst name="JSONConverter3"><service guid="JSONConverter" version="4.0" /><short-description>JSONConverter component is used to convert data from JSON format to XML format and vice-versa.</short-description><long-description>JSONConverter component is used to convert data from JSON format to XML format and vice-versa.</long-description><config-file name="JSONConverter3.xml" /><deployment nodes="fps" /><execution><debug enabled="false" port="5000" suspend="false" /><launchOrder-Sequence sequence="-1" /><stopOrder-Sequence sequence="-1" /></execution><inputport-instances><inputport-instance name="IN_PORT_1"><description>Receives message in XML format or JSON Object.</description><jms><destination /><subscriber><transaction enabled="false" /><subscription durable="false" /></subscriber></jms><workflow type="0" datatype="2" enablecallout="false" /></inputport-instance></inputport-instances><outputport-instances><outputport-instance name="ON_EXCEPTION"><description>Used as an Exception Port</description><schema root="{http://www.fiorano.com/fesb/activity/fault}Error"><file>ON_EXCEPTION.xsd</file></schema><jms><destination /><publisher><messages persistent="true" /></publisher></jms><workflow type="1" datatype="2" enablecallout="false" /></outputport-instance><outputport-instance name="OUT_PORT_1"><description>Sends JSON object or XML message depending on the conversion mode used.</description><schema root="root"><file>OUT_PORT_10.xsd</file></schema><jms><destination /><publisher><messages persistent="true" /></publisher></jms><workflow type="0" datatype="2" enablecallout="false" /><transformation><script-file name="script.xml" /><project-file name="project" /></transformation></outputport-instance></outputport-instances><logmanager logger="java.util.logging.FileHandler"><Param name="java.util.logging.FileHandler.limit">1000000</Param><Param name="java.util.logging.FileHandler.dir">logs</Param><Param name="fiorano.jms.log2.def.DefaultFormatter.dateformat">MM/dd/yyyy HH:mm:ss</Param><Param name="java.util.logging.FileHandler.count">4</Param><Param name="fiorano.jms.log2.def.DefaultFormatter.includetimestamp">true</Param></logmanager><logmodules><logmodule name="ERR_HANDLER" level="WARNING" uniqueNameRequired="true" /><logmodule name="com.fiorano.edbc.jsonconverter.JSONConverter" level="INFO" uniqueNameRequired="true" /><logmodule name="OUT_HANDLER" level="INFO" uniqueNameRequired="true" /></logmodules><runtime-arguments><runtime-argument name="JVM_PARAMS" mandatory="false"><value> -client -DLOG_TO_STREAM=true -Xrs -XX:MetaspaceSize=128m -XX:MaxMetaspaceSize=256m</value></runtime-argument><runtime-argument name="JAVA_HOME" mandatory="false" inmemory="false" /></runtime-arguments><servicerefs /></inst><inst name="JSONConverter4"><service guid="JSONConverter" version="4.0" /><short-description>JSONConverter component is used to convert data from JSON format to XML format and vice-versa.</short-description><long-description>JSONConverter component is used to convert data from JSON format to XML format and vice-versa.</long-description><config-file name="JSONConverter4.xml" /><deployment nodes="fps" /><execution><debug enabled="false" port="5000" suspend="false" /><launchOrder-Sequence sequence="-1" /><stopOrder-Sequence sequence="-1" /></execution><inputport-instances><inputport-instance name="IN_PORT_1"><description>Receives message in XML format or JSON Object.</description><jms><destination /><subscriber><transaction enabled="false" /><subscription durable="false" /></subscriber></jms><workflow type="0" datatype="2" enablecallout="false" /></inputport-instance></inputport-instances><outputport-instances><outputport-instance name="ON_EXCEPTION"><description>Used as an Exception Port</description><schema root="{http://www.fiorano.com/fesb/activity/fault}Error"><file>ON_EXCEPTION.xsd</file></schema><jms><destination /><publisher><messages persistent="true" /></publisher></jms><workflow type="1" datatype="2" enablecallout="false" /></outputport-instance><outputport-instance name="OUT_PORT_1"><description>Sends JSON object or XML message depending on the conversion mode used.</description><jms><destination /><publisher><messages persistent="true" /></publisher></jms><workflow type="0" datatype="2" enablecallout="false" /></outputport-instance></outputport-instances><logmanager logger="java.util.logging.FileHandler"><Param name="java.util.logging.FileHandler.limit">1000000</Param><Param name="java.util.logging.FileHandler.dir">logs</Param><Param name="fiorano.jms.log2.def.DefaultFormatter.dateformat">MM/dd/yyyy HH:mm:ss</Param><Param name="java.util.logging.FileHandler.count">4</Param><Param name="fiorano.jms.log2.def.DefaultFormatter.includetimestamp">true</Param></logmanager><logmodules><logmodule name="ERR_HANDLER" level="WARNING" uniqueNameRequired="true" /><logmodule name="com.fiorano.edbc.jsonconverter.JSONConverter" level="INFO" uniqueNameRequired="true" /><logmodule name="OUT_HANDLER" level="INFO" uniqueNameRequired="true" /></logmodules><runtime-arguments><runtime-argument name="JVM_PARAMS" mandatory="false"><value> -client -DLOG_TO_STREAM=true -Xrs -XX:MetaspaceSize=128m -XX:MaxMetaspaceSize=256m</value></runtime-argument><runtime-argument name="JAVA_HOME" mandatory="false" inmemory="false" /></runtime-arguments><servicerefs /></inst><inst name="InsertOne2"><service guid="DBQuery" version="4.0" /><short-description>Executes SQL Query</short-description><long-description>Executes SQL Query</long-description><config-file name="InsertOne2.xml" /><resource-properties><resource-property name="Username">root</resource-property><resource-property name="Database URL">jdbc:mysql://localhost:3306</resource-property><resource-property name="Connection Ping SQL">select 1</resource-property><resource-property name="Driver Name">com.mysql.jdbc.Driver</resource-property><resource-property name="Database Name">MySQL</resource-property></resource-properties><named-configurations><named-configuration name="MySQL_Loca" configurationType="resource" configurationID="DBConfigurations" /></named-configurations><deployment nodes="fps" /><execution><debug enabled="false" port="5000" suspend="false" /><launchOrder-Sequence sequence="-1" /><stopOrder-Sequence sequence="-1" /></execution><inputport-instances><inputport-instance name="IN_PORT"><description>Takes parameters which to execute a Query</description><schema root="{http://www.fiorano.com/fesb/activity/DBQuery1/In}INSERT"><file>IN_PORT0.xsd</file></schema><jms><destination /><subscriber><transaction enabled="false" /><subscription durable="false" /></subscriber></jms><workflow type="0" datatype="2" enablecallout="false" /></inputport-instance></inputport-instances><outputport-instances><outputport-instance name="OUT_PORT"><description>Sends the results of the Query Executed</description><schema root="{http://www.fiorano.com/fesb/activity/DBQuery1/Out}Result"><file>OUT_PORT.xsd</file></schema><jms><destination /><publisher><messages persistent="true" /></publisher></jms><workflow type="0" datatype="2" enablecallout="false" /></outputport-instance><outputport-instance name="ON_EXCEPTION"><description>Used as an Exception Port</description><schema root="{http://www.fiorano.com/fesb/activity/fault}Error"><file>ON_EXCEPTION.xsd</file></schema><jms><destination /><publisher><messages persistent="true" /></publisher></jms><workflow type="1" datatype="2" enablecallout="false" /></outputport-instance></outputport-instances><logmanager logger="java.util.logging.FileHandler"><Param name="java.util.logging.FileHandler.limit">1000000</Param><Param name="java.util.logging.FileHandler.dir">logs</Param><Param name="fiorano.jms.log2.def.DefaultFormatter.dateformat">MM/dd/yyyy HH:mm:ss</Param><Param name="java.util.logging.FileHandler.count">4</Param><Param name="fiorano.jms.log2.def.DefaultFormatter.includetimestamp">true</Param></logmanager><logmodules><logmodule name="com.fiorano.services.customencryption" level="OFF" uniqueNameRequired="true" /><logmodule name="com.fiorano.adapter.jca.dbquery.spi.out.DBManagedConnectionFactory" uniqueNameRequired="true" /><logmodule name="com.fiorano.bc.trgateway" uniqueNameRequired="true" /><logmodule name="OUT_HANDLER" level="INFO" uniqueNameRequired="true" /><logmodule name="com.fiorano.adapter.jca.dbquery.cci.DBInteraction" uniqueNameRequired="true" /><logmodule name="fiorano.esb.adapter.jca.dii.dbquery.monitor" uniqueNameRequired="true" /><logmodule name="ERR_HANDLER" uniqueNameRequired="true" /><logmodule name="com.fiorano.adapter.dbquery.jdbc" uniqueNameRequired="true" /></logmodules><runtime-arguments><runtime-argument name="JVM_PARAMS" mandatory="false" inmemory="false"><value> -client -DLOG_TO_STREAM=true -Xrs -XX:MetaspaceSize=128m -XX:MaxMetaspaceSize=256m</value></runtime-argument><runtime-argument name="javax.resource.cci.InteractionSpec"><value>com.fiorano.adapter.jca.dbquery.cci.DBQueryInteractionSpec</value></runtime-argument><runtime-argument name="JAVA_HOME" mandatory="false" inmemory="false" /></runtime-arguments><servicerefs /></inst><inst name="InsertOne1"><service guid="DBQuery" version="4.0" /><short-description>Executes SQL Query</short-description><long-description>Executes SQL Query</long-description><config-file name="InsertOne1.xml" /><resource-properties><resource-property name="Username">root</resource-property><resource-property name="Database URL">jdbc:mysql://localhost:3306</resource-property><resource-property name="Connection Ping SQL">select 1</resource-property><resource-property name="Driver Name">com.mysql.jdbc.Driver</resource-property><resource-property name="Database Name">MySQL</resource-property></resource-properties><named-configurations><named-configuration name="MySQL_Loca" configurationType="resource" configurationID="DBConfigurations" /></named-configurations><deployment nodes="fps" /><execution><debug enabled="false" port="5000" suspend="false" /><launchOrder-Sequence sequence="-1" /><stopOrder-Sequence sequence="-1" /></execution><inputport-instances><inputport-instance name="IN_PORT"><description>Takes parameters which to execute a Query</description><schema root="{http://www.fiorano.com/fesb/activity/DBQuery1/In}INSERT"><file>IN_PORT0.xsd</file></schema><jms><destination /><subscriber><transaction enabled="false" /><subscription durable="false" /></subscriber></jms><workflow type="0" datatype="2" enablecallout="false" /></inputport-instance></inputport-instances><outputport-instances><outputport-instance name="OUT_PORT"><description>Sends the results of the Query Executed</description><schema root="{http://www.fiorano.com/fesb/activity/DBQuery1/Out}Result"><file>OUT_PORT.xsd</file></schema><jms><destination /><publisher><messages persistent="true" /></publisher></jms><workflow type="0" datatype="2" enablecallout="false" /></outputport-instance><outputport-instance name="ON_EXCEPTION"><description>Used as an Exception Port</description><schema root="{http://www.fiorano.com/fesb/activity/fault}Error"><file>ON_EXCEPTION.xsd</file></schema><jms><destination /><publisher><messages persistent="true" /></publisher></jms><workflow type="1" datatype="2" enablecallout="false" /></outputport-instance></outputport-instances><logmanager logger="java.util.logging.FileHandler"><Param name="java.util.logging.FileHandler.limit">1000000</Param><Param name="java.util.logging.FileHandler.dir">logs</Param><Param name="fiorano.jms.log2.def.DefaultFormatter.dateformat">MM/dd/yyyy HH:mm:ss</Param><Param name="java.util.logging.FileHandler.count">4</Param><Param name="fiorano.jms.log2.def.DefaultFormatter.includetimestamp">true</Param></logmanager><logmodules><logmodule name="com.fiorano.services.customencryption" level="OFF" uniqueNameRequired="true" /><logmodule name="com.fiorano.adapter.jca.dbquery.spi.out.DBManagedConnectionFactory" uniqueNameRequired="true" /><logmodule name="com.fiorano.bc.trgateway" uniqueNameRequired="true" /><logmodule name="OUT_HANDLER" level="INFO" uniqueNameRequired="true" /><logmodule name="com.fiorano.adapter.jca.dbquery.cci.DBInteraction" uniqueNameRequired="true" /><logmodule name="fiorano.esb.adapter.jca.dii.dbquery.monitor" uniqueNameRequired="true" /><logmodule name="ERR_HANDLER" uniqueNameRequired="true" /><logmodule name="com.fiorano.adapter.dbquery.jdbc" uniqueNameRequired="true" /></logmodules><runtime-arguments><runtime-argument name="JVM_PARAMS" mandatory="false" inmemory="false"><value> -client -DLOG_TO_STREAM=true -Xrs -XX:MetaspaceSize=128m -XX:MaxMetaspaceSize=256m</value></runtime-argument><runtime-argument name="javax.resource.cci.InteractionSpec"><value>com.fiorano.adapter.jca.dbquery.cci.DBQueryInteractionSpec</value></runtime-argument><runtime-argument name="JAVA_HOME" mandatory="false" inmemory="false" /></runtime-arguments><servicerefs /></inst><inst name="ErrorHandling"><service guid="JSONConverter" version="4.0" /><short-description>JSONConverter component is used to convert data from JSON format to XML format and vice-versa.</short-description><long-description>JSONConverter component is used to convert data from JSON format to XML format and vice-versa.</long-description><config-file name="ErrorHandling.xml" /><deployment nodes="fps" /><execution><debug enabled="false" port="5000" suspend="false" /><launchOrder-Sequence sequence="-1" /><stopOrder-Sequence sequence="-1" /></execution><inputport-instances><inputport-instance name="IN_PORT_1"><description>Receives message in XML format or JSON Object.</description><schema root="{http://www.fiorano.com/fesb/activity/fault}StatusModel"><file>IN_PORT_10.xsd</file></schema><jms><destination /><subscriber><transaction enabled="false" /><subscription durable="false" /></subscriber></jms><workflow type="0" datatype="2" enablecallout="false" /></inputport-instance></inputport-instances><outputport-instances><outputport-instance name="ON_EXCEPTION"><description>Used as an Exception Port</description><schema root="{http://www.fiorano.com/fesb/activity/fault}Error"><file>ON_EXCEPTION.xsd</file></schema><jms><destination /><publisher><messages persistent="true" /></publisher></jms><workflow type="1" datatype="2" enablecallout="false" /></outputport-instance><outputport-instance name="OUT_PORT_1"><description>Sends JSON object or XML message depending on the conversion mode used.</description><jms><destination /><publisher><messages persistent="true" /></publisher></jms><workflow type="0" datatype="2" enablecallout="false" /></outputport-instance></outputport-instances><logmanager logger="java.util.logging.FileHandler"><Param name="java.util.logging.FileHandler.limit">1000000</Param><Param name="java.util.logging.FileHandler.dir">logs</Param><Param name="fiorano.jms.log2.def.DefaultFormatter.dateformat">MM/dd/yyyy HH:mm:ss</Param><Param name="java.util.logging.FileHandler.count">4</Param><Param name="fiorano.jms.log2.def.DefaultFormatter.includetimestamp">true</Param></logmanager><logmodules><logmodule name="ERR_HANDLER" level="WARNING" uniqueNameRequired="true" /><logmodule name="com.fiorano.edbc.jsonconverter.JSONConverter" level="INFO" uniqueNameRequired="true" /><logmodule name="OUT_HANDLER" level="INFO" uniqueNameRequired="true" /></logmodules><runtime-arguments><runtime-argument name="JVM_PARAMS" mandatory="false"><value> -client -DLOG_TO_STREAM=true -Xrs -XX:MetaspaceSize=128m -XX:MaxMetaspaceSize=256m</value></runtime-argument><runtime-argument name="JAVA_HOME" mandatory="false" inmemory="false" /></runtime-arguments><servicerefs /></inst></service-instances><routes><route name="route1"><source inst="RESTStub1" port="InsuranceCommit__POST__Request" /><target inst="JSONConverter1" port="IN_PORT_1" /><messages durabilitySource="Application" /><message-transformation><project-file name="project" /><jms-script-file name="jmsScript.xml" /></message-transformation><logmodules /></route><route name="route3"><source inst="JSONConverter2" port="OUT_PORT_1" /><target inst="RESTStub1" port="InsuranceCommit__POST__Response" /><messages durabilitySource="Application" /><message-transformation><script-file name="script.xml" /><project-file name="project" /></message-transformation><logmodules /></route><route name="route8"><source inst="JSONConverter4" port="OUT_PORT_1" /><target inst="RESTStub1" port="InsuranceCancel__POST__Response" /><messages durabilitySource="Application" /><message-transformation><script-file name="script.xml" /><project-file name="project" /></message-transformation><logmodules /></route><route name="route9"><source inst="RESTStub1" port="InsuranceCancel__POST__Request" /><target inst="JSONConverter3" port="IN_PORT_1" /><messages durabilitySource="Application" /><message-transformation><project-file name="project" /><jms-script-file name="jmsScript.xml" /></message-transformation><logmodules /></route><route name="route2"><source inst="JSONConverter1" port="OUT_PORT_1" /><target inst="InsertOne1" port="IN_PORT" /><messages durabilitySource="Application" /><message-transformation><script-file name="script.xml" /><project-file name="project" /></message-transformation><logmodules /></route><route name="route5"><source inst="InsertOne1" port="OUT_PORT" /><target inst="JSONConverter2" port="IN_PORT_1" /><messages durabilitySource="Application" /><message-transformation><transformation-config-name name="Insurance_Statuses" /></message-transformation><logmodules /></route><route name="route7"><source inst="JSONConverter3" port="OUT_PORT_1" /><target inst="InsertOne2" port="IN_PORT" /><messages durabilitySource="Application" /><message-transformation><script-file name="script.xml" /><project-file name="project" /></message-transformation><logmodules /></route><route name="route10"><source inst="InsertOne2" port="OUT_PORT" /><target inst="JSONConverter4" port="IN_PORT_1" /><messages durabilitySource="Application" /><message-transformation><transformation-config-name name="Insurance_Statuses" /></message-transformation><logmodules /></route><route name="route4"><source inst="JSONConverter2" port="ON_EXCEPTION" /><target inst="ErrorHandling" port="IN_PORT_1" /><messages durabilitySource="Application" /><message-transformation><script-file name="script.xml" /><project-file name="project" /></message-transformation><logmodules /></route><route name="route11"><source inst="JSONConverter4" port="ON_EXCEPTION" /><target inst="ErrorHandling" port="IN_PORT_1" /><messages durabilitySource="Application" /><message-transformation><script-file name="script.xml" /><project-file name="project" /></message-transformation><logmodules /></route><route name="route13"><source inst="ErrorHandling" port="OUT_PORT_1" /><target inst="RESTStub1" port="InsuranceCommit__POST__Response" /><messages durabilitySource="Application" /><message-transformation><script-file name="script.xml" /><project-file name="project" /></message-transformation><logmodules /></route><route name="route15"><source inst="ErrorHandling" port="OUT_PORT_1" /><target inst="RESTStub1" port="InsuranceCancel__POST__Response" /><messages durabilitySource="Application" /><message-transformation><script-file name="script.xml" /><project-file name="project" /></message-transformation><logmodules /></route><route name="route6"><source inst="InsertOne2" port="ON_EXCEPTION" /><target inst="ErrorHandling" port="IN_PORT_1" /><messages durabilitySource="Application" /><message-transformation><script-file name="script.xml" /><project-file name="project" /></message-transformation><logmodules /></route><route name="route12"><source inst="InsertOne1" port="ON_EXCEPTION" /><target inst="ErrorHandling" port="IN_PORT_1" /><messages durabilitySource="Application" /><message-transformation><script-file name="script.xml" /><project-file name="project" /></message-transformation><logmodules /></route><route name="route14"><source inst="RESTStub1" port="ON_EXCEPTION" /><target inst="ErrorHandling" port="IN_PORT_1" /><messages durabilitySource="Application" /><message-transformation><script-file name="script.xml" /><project-file name="project" /></message-transformation><logmodules /></route><route name="route17"><source inst="JSONConverter1" port="ON_EXCEPTION" /><target inst="ErrorHandling" port="IN_PORT_1" /><messages durabilitySource="Application" /><message-transformation><transformation-config-name name="Status_Errors" /></message-transformation><logmodules /></route><route name="route18"><source inst="JSONConverter3" port="ON_EXCEPTION" /><target inst="ErrorHandling" port="IN_PORT_1" /><messages durabilitySource="Application" /><message-transformation><script-file name="script.xml" /><project-file name="project" /></message-transformation><logmodules /></route></routes></application>