<?xml version="1.0" encoding="ASCII"?>
<layout>
  <subflow name="FIORANO.ESTUDIO.ROOT_FLOW" x="0" y="0">
    <service-instance name="DBQuery1" x="471" y="286"/>
    <service-instance name="Write_CSV_Locally" x="1184" y="342"/>
    <service-instance name="POST_To_FTP" x="1329" y="354"/>
    <service-instance name="Update_Processing_Status" x="1069" y="535"/>
    <service-instance name="XML2Text4" x="1029" y="346"/>
    <service-instance name="XMLSplitter2" x="571" y="547"/>
    <service-instance name="XMLVerfication2" x="784" y="555"/>
    <service-instance name="Display1" x="1253" y="544"/>
    <service-instance name="XMLSplitter3" x="684" y="274"/>
    <service-instance name="JSONConverter3" x="768" y="189"/>
    <service-instance name="Aggregator1" x="909" y="186"/>
    <service-instance name="XMLVerfication1" x="1238" y="229"/>
    <service-instance name="JSONConverter1" x="1042" y="133"/>
    <service-instance name="JSONConverter2" x="1178" y="128"/>
  </subflow>
</layout>