<application guid="INSURANCE_FLOW_TWO" version="1.0"><display name="Insurance_Flow_Two" categories="User Processes" /><Metadata productVersion="11" buildNo="11000" createdBy="Admin" /><creation date="08-03-2018 09:07:03" authors="eStudio" schema-version="2.0" /><deployment label="Development" /><deleteDestinationAfterStop value="Fetch_From_FES" /><durableRoute value="Fetch_From_FES" /><application-context root="root"><file>applicationContextSchema.xsd</file></application-context><service-instances><inst name="XMLSplitter1"><service guid="XMLSplitter" version="4.0" /><short-description>Splits the input XML on basis of XPATH provided</short-description><long-description>Splits the input XML on basis of XPATH provided</long-description><config-file name="XMLSplitter1.xml" /><deployment nodes="fps" /><execution><debug enabled="false" port="5000" suspend="false" /><launchOrder-Sequence sequence="-1" /><stopOrder-Sequence sequence="-1" /></execution><inputport-instances><inputport-instance name="IN_PORT"><description>Accepts the incoming XML data</description><schema root="{http://www.fiorano.com/fesb/activity/DBQuery1/Out}Result"><file>IN_PORT6.xsd</file></schema><jms><destination /><subscriber><transaction enabled="false" /><subscription durable="false" /></subscriber></jms><workflow type="0" datatype="2" enablecallout="false" /></inputport-instance></inputport-instances><outputport-instances><outputport-instance name="ON_EXCEPTION"><description>Used as an Exception Port</description><schema root="{http://www.fiorano.com/fesb/activity/fault}Error"><file>ON_EXCEPTION.xsd</file></schema><jms><destination /><publisher><messages persistent="true" /></publisher></jms><workflow type="1" datatype="2" enablecallout="false" /></outputport-instance><outputport-instance name="OUT_PORT"><description>Sends the split XML data</description><schema root="{http://www.fiorano.com/fesb/activity/DBQuery1/Out}Result"><file>OUT_PORT2.xsd</file></schema><jms><destination /><publisher><messages persistent="true" /></publisher></jms><workflow type="0" datatype="2" enablecallout="false" /><transformation><script-file name="script.xml" /><project-file name="project" /></transformation></outputport-instance></outputport-instances><logmanager logger="java.util.logging.FileHandler"><Param name="java.util.logging.FileHandler.limit">1000000</Param><Param name="java.util.logging.FileHandler.dir">logs</Param><Param name="fiorano.jms.log2.def.DefaultFormatter.dateformat">MM/dd/yyyy HH:mm:ss</Param><Param name="java.util.logging.FileHandler.count">4</Param><Param name="fiorano.jms.log2.def.DefaultFormatter.includetimestamp">true</Param></logmanager><logmodules><logmodule name="ERR_HANDLER" uniqueNameRequired="true" /><logmodule name="com.fiorano.adapter.jca.xmlsplitter.spi.outbound.XMLSplitterManagedConnectionFactory" uniqueNameRequired="true" /><logmodule name="OUT_HANDLER" level="INFO" uniqueNameRequired="true" /><logmodule name="com.fiorano.adapter.jca.xmlsplitter.cci.XMLSplitterInteraction" uniqueNameRequired="true" /><logmodule name="fiorano.esb.adapter.jca.dii.xmlsplitter.monitor" uniqueNameRequired="true" /><logmodule name="com.fiorano.bc.trgateway" uniqueNameRequired="true" /></logmodules><runtime-arguments><runtime-argument name="JVM_PARAMS" mandatory="false" inmemory="false"><value> -client -DLOG_TO_STREAM=true -Xrs -XX:MetaspaceSize=128m -XX:MaxMetaspaceSize=256m</value></runtime-argument><runtime-argument name="JAVA_HOME" mandatory="false" inmemory="false" /></runtime-arguments><servicerefs /></inst><inst name="DBQuery1"><service guid="DBQuery" version="4.0" /><short-description>Executes SQL Query</short-description><long-description>Executes SQL Query</long-description><config-file name="DBQuery1.xml" /><resource-properties><resource-property name="Database URL">jdbc:mysql://localhost:3306</resource-property><resource-property name="Username">root</resource-property><resource-property name="Connection Ping SQL">select 1</resource-property><resource-property name="Database Name">MySQL</resource-property><resource-property name="Driver Name">com.mysql.jdbc.Driver</resource-property></resource-properties><named-configurations><named-configuration name="MySQL_Loca" configurationType="resource" configurationID="DBConfigurations" /></named-configurations><deployment nodes="fps" /><execution><debug enabled="false" port="5000" suspend="false" /><launchOrder-Sequence sequence="-1" /><stopOrder-Sequence sequence="-1" /></execution><inputport-instances><inputport-instance name="IN_PORT"><description>Takes parameters which to execute a Query</description><schema root="{http://www.fiorano.com/fesb/activity/DBQuery1/In}SELECT"><file>IN_PORT4.xsd</file></schema><jms enabled="false"><destination /><subscriber><transaction enabled="false" /><subscription durable="false" /></subscriber></jms><workflow type="0" datatype="2" enablecallout="false" /></inputport-instance></inputport-instances><outputport-instances><outputport-instance name="OUT_PORT"><description>Sends the results of the Query Executed</description><schema root="{http://www.fiorano.com/fesb/activity/DBQuery1/Out}Result"><file>OUT_PORT8.xsd</file></schema><jms><destination /><publisher><messages persistent="true" /></publisher></jms><workflow type="0" datatype="2" enablecallout="false" /><transformation><script-file name="script.xml" /><project-file name="project" /></transformation></outputport-instance><outputport-instance name="ON_EXCEPTION"><description>Used as an Exception Port</description><schema root="{http://www.fiorano.com/fesb/activity/fault}Error"><file>ON_EXCEPTION.xsd</file></schema><jms><destination /><publisher><messages persistent="true" /></publisher></jms><workflow type="1" datatype="2" enablecallout="false" /></outputport-instance></outputport-instances><logmanager logger="java.util.logging.FileHandler"><Param name="java.util.logging.FileHandler.limit">1000000</Param><Param name="java.util.logging.FileHandler.dir">logs</Param><Param name="fiorano.jms.log2.def.DefaultFormatter.dateformat">MM/dd/yyyy HH:mm:ss</Param><Param name="java.util.logging.FileHandler.count">4</Param><Param name="fiorano.jms.log2.def.DefaultFormatter.includetimestamp">true</Param></logmanager><logmodules><logmodule name="com.fiorano.services.customencryption" level="OFF" uniqueNameRequired="true" /><logmodule name="com.fiorano.adapter.jca.dbquery.spi.out.DBManagedConnectionFactory" uniqueNameRequired="true" /><logmodule name="com.fiorano.bc.trgateway" uniqueNameRequired="true" /><logmodule name="OUT_HANDLER" level="INFO" uniqueNameRequired="true" /><logmodule name="com.fiorano.adapter.jca.dbquery.cci.DBInteraction" uniqueNameRequired="true" /><logmodule name="fiorano.esb.adapter.jca.dii.dbquery.monitor" uniqueNameRequired="true" /><logmodule name="ERR_HANDLER" uniqueNameRequired="true" /><logmodule name="com.fiorano.adapter.dbquery.jdbc" uniqueNameRequired="true" /></logmodules><runtime-arguments><runtime-argument name="JVM_PARAMS" mandatory="false" inmemory="false"><value> -client -DLOG_TO_STREAM=true -Xrs -XX:MetaspaceSize=128m -XX:MaxMetaspaceSize=256m</value></runtime-argument><runtime-argument name="javax.resource.cci.InteractionSpec"><value>com.fiorano.adapter.jca.dbquery.cci.DBQueryInteractionSpec</value></runtime-argument><runtime-argument name="JAVA_HOME" mandatory="false" inmemory="false" /></runtime-arguments><servicerefs /></inst><inst name="XMLVerfication1"><service guid="XMLVerfication" version="4.0" /><config-file name="XMLVerfication1.xml" /><deployment nodes="fps" /><execution><debug enabled="false" port="5000" suspend="false" /><launchOrder-Sequence sequence="-1" /><stopOrder-Sequence sequence="-1" /></execution><inputport-instances><inputport-instance name="IN_PORT"><description>Receives incoming XML messages</description><jms><destination /><subscriber><transaction enabled="false" /><subscription durable="false" /></subscriber></jms><workflow type="0" datatype="2" enablecallout="false" /></inputport-instance></inputport-instances><outputport-instances><outputport-instance name="OUT_PORT"><description>Gets messages which are verified against a DTD</description><schema root="{http://www.fiorano.com/fesb/activity/DBQuery1/Out}Row"><file>OUT_PORT0.xsd</file></schema><jms><destination /><publisher><messages persistent="true" /></publisher></jms><workflow type="0" datatype="2" enablecallout="false" /><transformation><script-file name="script.xml" /><project-file name="project" /></transformation></outputport-instance><outputport-instance name="FAILED_PORT"><description>Gets the failed messages</description><jms><destination /><publisher><messages persistent="true" /></publisher></jms><workflow type="0" datatype="2" enablecallout="false" /></outputport-instance><outputport-instance name="ON_EXCEPTION"><description>Used as an Exception Port</description><schema root="{http://www.fiorano.com/fesb/activity/fault}Error"><file>ON_EXCEPTION.xsd</file></schema><jms><destination /><publisher><messages persistent="true" /></publisher></jms><workflow type="1" datatype="2" enablecallout="false" /></outputport-instance></outputport-instances><logmanager logger="java.util.logging.FileHandler"><Param name="java.util.logging.FileHandler.limit">1000000</Param><Param name="java.util.logging.FileHandler.dir">logs</Param><Param name="fiorano.jms.log2.def.DefaultFormatter.dateformat">MM/dd/yyyy HH:mm:ss</Param><Param name="java.util.logging.FileHandler.count">4</Param><Param name="fiorano.jms.log2.def.DefaultFormatter.includetimestamp">true</Param></logmanager><logmodules><logmodule name="com.fiorano.services.xmlverification.XmlVerificationService" level="WARNING" uniqueNameRequired="true" /><logmodule name="com.fiorano.services.xmlverification.transport.jms" level="WARNING" uniqueNameRequired="true" /><logmodule name="com.fiorano.services.xmlverification.engine" level="WARNING" uniqueNameRequired="true" /><logmodule name="ERR_HANDLER" uniqueNameRequired="true" /><logmodule name="OUT_HANDLER" level="INFO" uniqueNameRequired="true" /></logmodules><runtime-arguments><runtime-argument name="JVM_PARAMS" mandatory="false" inmemory="false"><value> -client -DLOG_TO_STREAM=true -Xrs -XX:MetaspaceSize=128m -XX:MaxMetaspaceSize=256m</value></runtime-argument><runtime-argument name="JAVA_HOME" mandatory="false" inmemory="false" /></runtime-arguments><servicerefs /></inst><inst name="JSONConverter1"><service guid="JSONConverter" version="4.0" /><short-description>JSONConverter component is used to convert data from JSON format to XML format and vice-versa.</short-description><long-description>JSONConverter component is used to convert data from JSON format to XML format and vice-versa.</long-description><config-file name="JSONConverter1.xml" /><deployment nodes="fps" /><execution><debug enabled="false" port="5000" suspend="false" /><launchOrder-Sequence sequence="-1" /><stopOrder-Sequence sequence="-1" /></execution><inputport-instances><inputport-instance name="IN_PORT_1"><description>Receives message in XML format or JSON Object.</description><jms><destination /><subscriber><transaction enabled="false" /><subscription durable="false" /></subscriber></jms><workflow type="0" datatype="2" enablecallout="false" /></inputport-instance></inputport-instances><outputport-instances><outputport-instance name="ON_EXCEPTION"><description>Used as an Exception Port</description><schema root="{http://www.fiorano.com/fesb/activity/fault}Error"><file>ON_EXCEPTION.xsd</file></schema><jms><destination /><publisher><messages persistent="true" /></publisher></jms><workflow type="1" datatype="2" enablecallout="false" /></outputport-instance><outputport-instance name="OUT_PORT_1"><description>Sends JSON object or XML message depending on the conversion mode used.</description><jms><destination /><publisher><messages persistent="true" /></publisher></jms><workflow type="0" datatype="2" enablecallout="false" /></outputport-instance></outputport-instances><logmanager logger="java.util.logging.FileHandler"><Param name="java.util.logging.FileHandler.limit">1000000</Param><Param name="java.util.logging.FileHandler.dir">logs</Param><Param name="fiorano.jms.log2.def.DefaultFormatter.dateformat">MM/dd/yyyy HH:mm:ss</Param><Param name="java.util.logging.FileHandler.count">4</Param><Param name="fiorano.jms.log2.def.DefaultFormatter.includetimestamp">true</Param></logmanager><logmodules><logmodule name="ERR_HANDLER" level="WARNING" uniqueNameRequired="true" /><logmodule name="com.fiorano.edbc.jsonconverter.JSONConverter" level="INFO" uniqueNameRequired="true" /><logmodule name="OUT_HANDLER" level="INFO" uniqueNameRequired="true" /></logmodules><runtime-arguments><runtime-argument name="JVM_PARAMS" mandatory="false"><value> -client -DLOG_TO_STREAM=true -Xrs -XX:MetaspaceSize=128m -XX:MaxMetaspaceSize=256m</value></runtime-argument><runtime-argument name="JAVA_HOME" mandatory="false" inmemory="false" /></runtime-arguments><servicerefs /></inst><inst name="Write_CSV_Locally"><service guid="FileWriter" version="4.0" /><short-description>Writes data into file</short-description><long-description>Writes data into file</long-description><config-file name="Write_CSV_Locally.xml" /><resource-properties><resource-property name="File Encoding">UTF-8</resource-property><resource-property name="Post Processing Arguments"></resource-property><resource-property name="File Name">test.csv</resource-property><resource-property name="Relative Directory">c:/</resource-property><resource-property name="Working Directory">C:\Users\dylan.jackson\Desktop\Test\Working</resource-property><resource-property name="Target Directory">C:\Users\dylan.jackson\Desktop\Test\Target</resource-property><resource-property name="Error Directory">C:\Users\dylan.jackson\Desktop\Test\Error</resource-property></resource-properties><named-configurations><named-configuration name="TESTESTT" configurationType="component" configurationID="FileWriterConfiguration" /></named-configurations><deployment nodes="fps" /><execution><debug enabled="false" port="5000" suspend="false" /><launchOrder-Sequence sequence="-1" /><stopOrder-Sequence sequence="-1" /></execution><inputport-instances><inputport-instance name="IN_PORT"><description>Takes the Input data to be written into the file</description><jms><destination /><subscriber><transaction enabled="false" /><subscription durable="false" /></subscriber></jms><workflow type="0" datatype="2" enablecallout="false" /></inputport-instance></inputport-instances><outputport-instances><outputport-instance name="OUT_PORT"><description>Shows the File Info</description><schema root="{http://www.fiorano.com/fesb/activity/FileWriter1}Result"><file>OUT_PORT.xsd</file></schema><jms><destination /><publisher><messages persistent="true" /></publisher></jms><workflow type="0" datatype="2" enablecallout="false" /></outputport-instance><outputport-instance name="ON_EXCEPTION"><description>Used as an Exception Port</description><schema root="{http://www.fiorano.com/fesb/activity/fault}Error"><file>ON_EXCEPTION.xsd</file></schema><jms><destination /><publisher><messages persistent="true" /></publisher></jms><workflow type="1" datatype="2" enablecallout="false" /></outputport-instance></outputport-instances><logmanager logger="java.util.logging.FileHandler"><Param name="java.util.logging.FileHandler.limit">1000000</Param><Param name="java.util.logging.FileHandler.dir">logs</Param><Param name="fiorano.jms.log2.def.DefaultFormatter.dateformat">MM/dd/yyyy HH:mm:ss</Param><Param name="java.util.logging.FileHandler.count">4</Param><Param name="fiorano.jms.log2.def.DefaultFormatter.includetimestamp">true</Param></logmanager><logmodules><logmodule name="OUT_HANDLER" level="INFO" uniqueNameRequired="true" /><logmodule name="ERR_HANDLER" uniqueNameRequired="true" /><logmodule name="com.fiorano.adapter.jca.filewriter.cci.FileWriterInteraction" uniqueNameRequired="true" /><logmodule name="com.fiorano.bc.trgateway" uniqueNameRequired="true" /><logmodule name="com.fiorano.adapter.jca.filewriter.spi.outbound.FileWriterManagedConnectionFactory" uniqueNameRequired="true" /><logmodule name="fiorano.esb.adapter.jca.dii.filewriter.monitor" uniqueNameRequired="true" /><logmodule name="LOGGER_NAME" uniqueNameRequired="true" /></logmodules><runtime-arguments><runtime-argument name="JVM_PARAMS" mandatory="false" inmemory="false"><value> -client -DLOG_TO_STREAM=true -Xrs -XX:MetaspaceSize=128m -XX:MaxMetaspaceSize=256m</value></runtime-argument><runtime-argument name="JAVA_HOME" mandatory="false" inmemory="false" /></runtime-arguments><servicerefs /></inst><inst name="POST_To_FTP"><service guid="FTPPut" version="4.0" /><short-description>The FTPPut service is used to upload file to the FTPServer</short-description><long-description>The FTPPut service is used to upload file to the FTPServer</long-description><config-file name="POST_To_FTP.xml" /><resource-properties><resource-property name="Port Number">21</resource-property><resource-property name="Username">EDIADMIN</resource-property><resource-property name="Temporary Directory(Remote)">temp</resource-property><resource-property name="Remote Host">EDI.Carrierrate.com</resource-property><resource-property name="Use Temporary Target Directory(Remote)">true</resource-property><resource-property name="Target Directory(Remote)">1</resource-property></resource-properties><deployment nodes="fps" /><execution><debug enabled="false" port="5000" suspend="false" /><launchOrder-Sequence sequence="-1" /><stopOrder-Sequence sequence="-1" /></execution><inputport-instances><inputport-instance name="IN_PORT"><description>Takes information of local path and remote file</description><schema root="{http://www.fiorano.com/fesb/activity/FTPPut1/Request}FTPRequest"><file>IN_PORT2.xsd</file></schema><jms><destination /><subscriber><transaction enabled="false" /><subscription durable="false" /></subscriber></jms><workflow type="0" datatype="2" enablecallout="false" /></inputport-instance></inputport-instances><outputport-instances><outputport-instance name="OUT_PORT"><description>Sends the result of the file upload along with information related to file transfer</description><schema root="{http://www.fiorano.com/fesb/activity/FTPPut1/Response}FTPResponse"><file>OUT_PORT6.xsd</file></schema><jms><destination /><publisher><messages persistent="true" /></publisher></jms><workflow type="0" datatype="2" enablecallout="false" /></outputport-instance><outputport-instance name="ON_EXCEPTION"><description>Used as an Exception Port</description><schema root="{http://www.fiorano.com/fesb/activity/fault}Error"><file>ON_EXCEPTION.xsd</file></schema><jms><destination /><publisher><messages persistent="true" /></publisher></jms><workflow type="1" datatype="2" enablecallout="false" /></outputport-instance></outputport-instances><logmanager logger="java.util.logging.FileHandler"><Param name="java.util.logging.FileHandler.limit">1000000</Param><Param name="java.util.logging.FileHandler.dir">logs</Param><Param name="fiorano.jms.log2.def.DefaultFormatter.dateformat">MM/dd/yyyy HH:mm:ss</Param><Param name="java.util.logging.FileHandler.count">4</Param><Param name="fiorano.jms.log2.def.DefaultFormatter.includetimestamp">true</Param></logmanager><logmodules><logmodule name="com.fiorano.services.customencryption" level="OFF" uniqueNameRequired="true" /><logmodule name="OUT_HANDLER" level="INFO" uniqueNameRequired="true" /><logmodule name="com.fiorano.bc.trgateway" uniqueNameRequired="true" /><logmodule name="WarningLogger" uniqueNameRequired="true" /><logmodule name="ERR_HANDLER" uniqueNameRequired="true" /><logmodule name="com.fiorano.adapter.jca.ftp.cci.FTPInteraction" uniqueNameRequired="true" /><logmodule name="com.fiorano.adapter.jca.ftp.spi.outbound.FTPManagedConnectionFactory" uniqueNameRequired="true" /><logmodule name="fiorano.esb.adapter.jca.dii.ftpput.monitor" uniqueNameRequired="true" /></logmodules><runtime-arguments><runtime-argument name="JVM_PARAMS" mandatory="false" inmemory="false"><value> -client -DLOG_TO_STREAM=true -Xrs -XX:MetaspaceSize=128m -XX:MaxMetaspaceSize=256m</value></runtime-argument><runtime-argument name="javax.resource.cci.InteractionSpec"><value>com.fiorano.adapter.jca.ftp.cci.put.FTPPutInteractionSpec</value></runtime-argument><runtime-argument name="JAVA_HOME" mandatory="false" inmemory="false" /></runtime-arguments><servicerefs /></inst><inst name="Update_Processing_Status"><service guid="DBQueryOnInput" version="4.0" /><short-description>Executes SQL Query sent in the input</short-description><long-description>Executes SQL Query sent in the input</long-description><config-file name="Update_Processing_Status.xml" /><resource-properties><resource-property name="Database URL">jdbc:mysql://localhost:3306</resource-property><resource-property name="Username">root</resource-property><resource-property name="Connection Ping SQL">select 1</resource-property><resource-property name="Driver Name">com.mysql.jdbc.Driver</resource-property><resource-property name="Database Name">MySQL</resource-property></resource-properties><named-configurations><named-configuration name="MySQL_Loca" configurationType="resource" configurationID="DBConfigurations" /></named-configurations><deployment nodes="fps" /><execution><debug enabled="false" port="5000" suspend="false" /><launchOrder-Sequence sequence="-1" /><stopOrder-Sequence sequence="-1" /></execution><inputport-instances><inputport-instance name="IN_PORT"><description>Accepts SQL Query sent as input</description><schema root="{http://www.fiorano.com/fesb/activity/DBQueryOnInput1/In}COMPLEX"><file>IN_PORT0.xsd</file></schema><jms><destination /><subscriber><transaction enabled="false" /><subscription durable="false" /></subscriber></jms><workflow type="0" datatype="2" enablecallout="false" /></inputport-instance></inputport-instances><outputport-instances><outputport-instance name="OUT_PORT"><description>Sends execution result of SQL Query</description><schema root="{http://www.fiorano.com/fesb/activity/DB1/Response}selectALlFromShipmentInsuranceRequest"><file>OUT_PORT4.xsd</file></schema><jms><destination /><publisher><messages persistent="true" /></publisher></jms><workflow type="0" datatype="2" enablecallout="false" /></outputport-instance><outputport-instance name="ON_EXCEPTION"><description>Used as an Exception Port</description><schema root="{http://www.fiorano.com/fesb/activity/fault}Error"><file>ON_EXCEPTION.xsd</file></schema><jms><destination /><publisher><messages persistent="true" /></publisher></jms><workflow type="1" datatype="2" enablecallout="false" /></outputport-instance></outputport-instances><logmanager logger="java.util.logging.FileHandler"><Param name="java.util.logging.FileHandler.limit">1000000</Param><Param name="java.util.logging.FileHandler.dir">logs</Param><Param name="fiorano.jms.log2.def.DefaultFormatter.dateformat">MM/dd/yyyy HH:mm:ss</Param><Param name="java.util.logging.FileHandler.count">4</Param><Param name="fiorano.jms.log2.def.DefaultFormatter.includetimestamp">true</Param></logmanager><logmodules><logmodule name="com.fiorano.services.customencryption" level="OFF" uniqueNameRequired="true" /><logmodule name="com.fiorano.adapter.jca.dbquery.spi.out.DBManagedConnectionFactory" uniqueNameRequired="true" /><logmodule name="com.fiorano.bc.trgateway" uniqueNameRequired="true" /><logmodule name="OUT_HANDLER" level="INFO" uniqueNameRequired="true" /><logmodule name="com.fiorano.adapter.jca.dbquery.cci.DBInteraction" uniqueNameRequired="true" /><logmodule name="fiorano.esb.adapter.jca.dii.dbqueryoninput.monitor" uniqueNameRequired="true" /><logmodule name="ERR_HANDLER" uniqueNameRequired="true" /><logmodule name="com.fiorano.adapter.dbquery.jdbc" uniqueNameRequired="true" /></logmodules><runtime-arguments><runtime-argument name="JVM_PARAMS" mandatory="false" inmemory="false"><value> -client -DLOG_TO_STREAM=true -Xrs -XX:MetaspaceSize=128m -XX:MaxMetaspaceSize=256m</value></runtime-argument><runtime-argument name="javax.resource.cci.InteractionSpec"><value>com.fiorano.adapter.jca.dbquery.cci.DBQueryOnInputInteractionSpec</value></runtime-argument><runtime-argument name="JAVA_HOME" mandatory="false" inmemory="false" /></runtime-arguments><servicerefs /></inst><inst name="Aggregator2"><service guid="Aggregator" version="4.0" /><short-description>Component Performing Aggregation of documents</short-description><config-file name="Aggregator2.xml" /><deployment nodes="fps" /><execution><debug enabled="false" port="5000" suspend="false" /><launchOrder-Sequence sequence="-1" /><stopOrder-Sequence sequence="-1" /></execution><inputport-instances><inputport-instance name="IN_PORT"><description>The input port of the service from where all the business documents are received</description><schema root="root"><file>IN_PORT8.xsd</file></schema><jms><destination /><subscriber><transaction enabled="false" /><subscription durable="false" /></subscriber></jms><workflow type="0" datatype="2" enablecallout="false" /></inputport-instance></inputport-instances><outputport-instances><outputport-instance name="ON_EXCEPTION"><description>Used as an Exception Port</description><schema root="{http://www.fiorano.com/fesb/activity/fault}Error"><file>ON_EXCEPTION.xsd</file></schema><jms><destination /><publisher><messages persistent="true" /></publisher></jms><workflow type="1" datatype="2" enablecallout="false" /></outputport-instance><outputport-instance name="OUT_PORT"><description>The output port of the service from where all the combined business documents are spewed out</description><jms><destination /><publisher><messages persistent="true" /></publisher></jms><workflow type="0" datatype="2" enablecallout="false" /></outputport-instance></outputport-instances><logmanager logger="java.util.logging.FileHandler"><Param name="java.util.logging.FileHandler.limit">1000000</Param><Param name="java.util.logging.FileHandler.dir">logs</Param><Param name="fiorano.jms.log2.def.DefaultFormatter.dateformat">MM/dd/yyyy HH:mm:ss</Param><Param name="java.util.logging.FileHandler.count">4</Param><Param name="fiorano.jms.log2.def.DefaultFormatter.includetimestamp">true</Param></logmanager><logmodules><logmodule name="com.fiorano.services.aggregator.AggregatorService" level="WARNING" uniqueNameRequired="true" /><logmodule name="com.fiorano.services.aggregator.transport.jms" level="WARNING" uniqueNameRequired="true" /><logmodule name="com.fiorano.services.aggregator.engine" level="WARNING" uniqueNameRequired="true" /><logmodule name="ERR_HANDLER" uniqueNameRequired="true" /><logmodule name="OUT_HANDLER" level="INFO" uniqueNameRequired="true" /></logmodules><runtime-arguments><runtime-argument name="JVM_PARAMS" mandatory="false" inmemory="false"><value> -client -DLOG_TO_STREAM=true -Xrs -XX:MetaspaceSize=128m -XX:MaxMetaspaceSize=256m</value></runtime-argument><runtime-argument name="JAVA_HOME" mandatory="false" inmemory="false" /></runtime-arguments><servicerefs /></inst><inst name="JSONConverter2"><service guid="JSONConverter" version="4.0" /><short-description>JSONConverter component is used to convert data from JSON format to XML format and vice-versa.</short-description><long-description>JSONConverter component is used to convert data from JSON format to XML format and vice-versa.</long-description><config-file name="JSONConverter2.xml" /><deployment nodes="fps" /><execution><debug enabled="false" port="5000" suspend="false" /><launchOrder-Sequence sequence="-1" /><stopOrder-Sequence sequence="-1" /></execution><inputport-instances><inputport-instance name="IN_PORT_1"><description>Receives message in XML format or JSON Object.</description><jms><destination /><subscriber><transaction enabled="false" /><subscription durable="false" /></subscriber></jms><workflow type="0" datatype="2" enablecallout="false" /></inputport-instance></inputport-instances><outputport-instances><outputport-instance name="ON_EXCEPTION"><description>Used as an Exception Port</description><schema root="{http://www.fiorano.com/fesb/activity/fault}Error"><file>ON_EXCEPTION.xsd</file></schema><jms><destination /><publisher><messages persistent="true" /></publisher></jms><workflow type="1" datatype="2" enablecallout="false" /></outputport-instance><outputport-instance name="OUT_PORT_1"><description>Sends JSON object or XML message depending on the conversion mode used.</description><schema root="root"><file>IN_PORT8.xsd</file></schema><jms><destination /><publisher><messages persistent="true" /></publisher></jms><workflow type="0" datatype="2" enablecallout="false" /></outputport-instance></outputport-instances><logmanager logger="java.util.logging.FileHandler"><Param name="java.util.logging.FileHandler.limit">1000000</Param><Param name="java.util.logging.FileHandler.dir">logs</Param><Param name="fiorano.jms.log2.def.DefaultFormatter.dateformat">MM/dd/yyyy HH:mm:ss</Param><Param name="java.util.logging.FileHandler.count">4</Param><Param name="fiorano.jms.log2.def.DefaultFormatter.includetimestamp">true</Param></logmanager><logmodules><logmodule name="ERR_HANDLER" level="WARNING" uniqueNameRequired="true" /><logmodule name="com.fiorano.edbc.jsonconverter.JSONConverter" level="INFO" uniqueNameRequired="true" /><logmodule name="OUT_HANDLER" level="INFO" uniqueNameRequired="true" /></logmodules><runtime-arguments><runtime-argument name="JVM_PARAMS" mandatory="false"><value> -client -DLOG_TO_STREAM=true -Xrs -XX:MetaspaceSize=128m -XX:MaxMetaspaceSize=256m</value></runtime-argument><runtime-argument name="JAVA_HOME" mandatory="false" inmemory="false" /></runtime-arguments><servicerefs /></inst><inst name="JSONConverter3"><service guid="JSONConverter" version="4.0" /><short-description>JSONConverter component is used to convert data from JSON format to XML format and vice-versa.</short-description><long-description>JSONConverter component is used to convert data from JSON format to XML format and vice-versa.</long-description><config-file name="JSONConverter3.xml" /><deployment nodes="fps" /><execution><debug enabled="false" port="5000" suspend="false" /><launchOrder-Sequence sequence="-1" /><stopOrder-Sequence sequence="-1" /></execution><inputport-instances><inputport-instance name="IN_PORT_1"><description>Receives message in XML format or JSON Object.</description><jms><destination /><subscriber><transaction enabled="false" /><subscription durable="false" /></subscriber></jms><workflow type="0" datatype="2" enablecallout="false" /></inputport-instance></inputport-instances><outputport-instances><outputport-instance name="ON_EXCEPTION"><description>Used as an Exception Port</description><schema root="{http://www.fiorano.com/fesb/activity/fault}Error"><file>ON_EXCEPTION.xsd</file></schema><jms><destination /><publisher><messages persistent="true" /></publisher></jms><workflow type="1" datatype="2" enablecallout="false" /></outputport-instance><outputport-instance name="OUT_PORT_1"><description>Sends JSON object or XML message depending on the conversion mode used.</description><jms><destination /><publisher><messages persistent="true" /></publisher></jms><workflow type="0" datatype="2" enablecallout="false" /></outputport-instance></outputport-instances><logmanager logger="java.util.logging.FileHandler"><Param name="java.util.logging.FileHandler.limit">1000000</Param><Param name="java.util.logging.FileHandler.dir">logs</Param><Param name="fiorano.jms.log2.def.DefaultFormatter.dateformat">MM/dd/yyyy HH:mm:ss</Param><Param name="java.util.logging.FileHandler.count">4</Param><Param name="fiorano.jms.log2.def.DefaultFormatter.includetimestamp">true</Param></logmanager><logmodules><logmodule name="ERR_HANDLER" level="WARNING" uniqueNameRequired="true" /><logmodule name="com.fiorano.edbc.jsonconverter.JSONConverter" level="INFO" uniqueNameRequired="true" /><logmodule name="OUT_HANDLER" level="INFO" uniqueNameRequired="true" /></logmodules><runtime-arguments><runtime-argument name="JVM_PARAMS" mandatory="false"><value> -client -DLOG_TO_STREAM=true -Xrs -XX:MetaspaceSize=128m -XX:MaxMetaspaceSize=256m</value></runtime-argument><runtime-argument name="JAVA_HOME" mandatory="false" inmemory="false" /></runtime-arguments><servicerefs /></inst><inst name="JSONConverter4"><service guid="JSONConverter" version="4.0" /><short-description>JSONConverter component is used to convert data from JSON format to XML format and vice-versa.</short-description><long-description>JSONConverter component is used to convert data from JSON format to XML format and vice-versa.</long-description><config-file name="JSONConverter4.xml" /><deployment nodes="fps" /><execution><debug enabled="false" port="5000" suspend="false" /><launchOrder-Sequence sequence="-1" /><stopOrder-Sequence sequence="-1" /></execution><inputport-instances><inputport-instance name="IN_PORT_1"><description>Receives message in XML format or JSON Object.</description><jms><destination /><subscriber><transaction enabled="false" /><subscription durable="false" /></subscriber></jms><workflow type="0" datatype="2" enablecallout="false" /></inputport-instance></inputport-instances><outputport-instances><outputport-instance name="ON_EXCEPTION"><description>Used as an Exception Port</description><schema root="{http://www.fiorano.com/fesb/activity/fault}Error"><file>ON_EXCEPTION.xsd</file></schema><jms><destination /><publisher><messages persistent="true" /></publisher></jms><workflow type="1" datatype="2" enablecallout="false" /></outputport-instance><outputport-instance name="OUT_PORT_1"><description>Sends JSON object or XML message depending on the conversion mode used.</description><schema root="root"><file>OUT_PORT14.xsd</file></schema><jms><destination /><publisher><messages persistent="true" /></publisher></jms><workflow type="0" datatype="2" enablecallout="false" /></outputport-instance></outputport-instances><logmanager logger="java.util.logging.FileHandler"><Param name="java.util.logging.FileHandler.limit">1000000</Param><Param name="java.util.logging.FileHandler.dir">logs</Param><Param name="fiorano.jms.log2.def.DefaultFormatter.dateformat">MM/dd/yyyy HH:mm:ss</Param><Param name="java.util.logging.FileHandler.count">4</Param><Param name="fiorano.jms.log2.def.DefaultFormatter.includetimestamp">true</Param></logmanager><logmodules><logmodule name="ERR_HANDLER" level="WARNING" uniqueNameRequired="true" /><logmodule name="com.fiorano.edbc.jsonconverter.JSONConverter" level="INFO" uniqueNameRequired="true" /><logmodule name="OUT_HANDLER" level="INFO" uniqueNameRequired="true" /></logmodules><runtime-arguments><runtime-argument name="JVM_PARAMS" mandatory="false"><value> -client -DLOG_TO_STREAM=true -Xrs -XX:MetaspaceSize=128m -XX:MaxMetaspaceSize=256m</value></runtime-argument><runtime-argument name="JAVA_HOME" mandatory="false" inmemory="false" /></runtime-arguments><servicerefs /></inst><inst name="XML2Text4"><service guid="XML2Text" version="4.0" /><short-description>XML2Text component transforms data from XML format to flat file format using defined schema as per a Tifosi Format Layout</short-description><long-description>XML2Text component transforms data from XML format to flat file format using defined schema as per a Tifosi Format Layout</long-description><config-file name="XML2Text4.xml" /><deployment nodes="fps" /><execution><debug enabled="false" port="5000" suspend="false" /><launchOrder-Sequence sequence="-1" /><stopOrder-Sequence sequence="-1" /></execution><inputport-instances><inputport-instance name="IN_PORT"><description>Accepts messages in XML format</description><schema root="{http://www.fiorano.com/fesb/activity/XML2Text1}EmptySchema"><file>IN_PORT.xsd</file></schema><jms><destination /><subscriber><transaction enabled="false" /><subscription durable="false" /></subscriber></jms><workflow type="0" datatype="2" enablecallout="false" /></inputport-instance></inputport-instances><outputport-instances><outputport-instance name="OUT_PORT"><description>Sends Text message</description><jms><destination /><publisher><messages persistent="true" /></publisher></jms><workflow type="0" datatype="2" enablecallout="false" /></outputport-instance><outputport-instance name="ON_EXCEPTION"><description>Used as an Exception Port</description><schema root="{http://www.fiorano.com/fesb/activity/fault}Error"><file>ON_EXCEPTION.xsd</file></schema><jms><destination /><publisher><messages persistent="true" /></publisher></jms><workflow type="1" datatype="2" enablecallout="false" /></outputport-instance></outputport-instances><logmanager logger="java.util.logging.FileHandler"><Param name="java.util.logging.FileHandler.limit">1000000</Param><Param name="java.util.logging.FileHandler.dir">logs</Param><Param name="fiorano.jms.log2.def.DefaultFormatter.dateformat">MM/dd/yyyy HH:mm:ss</Param><Param name="java.util.logging.FileHandler.count">4</Param><Param name="fiorano.jms.log2.def.DefaultFormatter.includetimestamp">true</Param></logmanager><logmodules><logmodule name="com.fiorano.bc.trgateway" uniqueNameRequired="true" /><logmodule name="com.fiorano.adapter.jca.flattoxml.cci.Flat2XmlInteraction" uniqueNameRequired="true" /><logmodule name="com.fiorano.adapter.jca.flattoxml.spi.outbound.Flat2XmlManagedConnectionFactory" uniqueNameRequired="true" /><logmodule name="fiorano.esb.adapter.jca.dii.xml2text.monitor" uniqueNameRequired="true" /><logmodule name="ERR_HANDLER" uniqueNameRequired="true" /><logmodule name="OUT_HANDLER" level="INFO" uniqueNameRequired="true" /></logmodules><runtime-arguments><runtime-argument name="JVM_PARAMS" mandatory="false" inmemory="false"><value> -client -DLOG_TO_STREAM=true -Xrs -XX:MetaspaceSize=128m -XX:MaxMetaspaceSize=256m</value></runtime-argument><runtime-argument name="javax.resource.cci.InteractionSpec"><value>com.fiorano.adapter.jca.flattoxml.cci.Xml2FlatInteractionSpec</value></runtime-argument><runtime-argument name="JAVA_HOME" mandatory="false" inmemory="false" /></runtime-arguments><servicerefs /></inst><inst name="XMLSplitter2"><service guid="XMLSplitter" version="4.0" /><short-description>Splits the input XML on basis of XPATH provided</short-description><long-description>Splits the input XML on basis of XPATH provided</long-description><config-file name="XMLSplitter2.xml" /><deployment nodes="fps" /><execution><debug enabled="false" port="5000" suspend="false" /><launchOrder-Sequence sequence="-1" /><stopOrder-Sequence sequence="-1" /></execution><inputport-instances><inputport-instance name="IN_PORT"><description>Accepts the incoming XML data</description><schema root="root"><file>IN_PORT10.xsd</file></schema><jms><destination /><subscriber><transaction enabled="false" /><subscription durable="false" /></subscriber></jms><workflow type="0" datatype="2" enablecallout="false" /></inputport-instance></inputport-instances><outputport-instances><outputport-instance name="ON_EXCEPTION"><description>Used as an Exception Port</description><schema root="{http://www.fiorano.com/fesb/activity/fault}Error"><file>ON_EXCEPTION.xsd</file></schema><jms><destination /><publisher><messages persistent="true" /></publisher></jms><workflow type="1" datatype="2" enablecallout="false" /></outputport-instance><outputport-instance name="OUT_PORT"><description>Sends the split XML data</description><jms><destination /><publisher><messages persistent="true" /></publisher></jms><workflow type="0" datatype="2" enablecallout="false" /></outputport-instance></outputport-instances><logmanager logger="java.util.logging.FileHandler"><Param name="java.util.logging.FileHandler.limit">1000000</Param><Param name="java.util.logging.FileHandler.dir">logs</Param><Param name="fiorano.jms.log2.def.DefaultFormatter.dateformat">MM/dd/yyyy HH:mm:ss</Param><Param name="java.util.logging.FileHandler.count">4</Param><Param name="fiorano.jms.log2.def.DefaultFormatter.includetimestamp">true</Param></logmanager><logmodules><logmodule name="ERR_HANDLER" uniqueNameRequired="true" /><logmodule name="com.fiorano.adapter.jca.xmlsplitter.spi.outbound.XMLSplitterManagedConnectionFactory" uniqueNameRequired="true" /><logmodule name="OUT_HANDLER" level="INFO" uniqueNameRequired="true" /><logmodule name="com.fiorano.adapter.jca.xmlsplitter.cci.XMLSplitterInteraction" uniqueNameRequired="true" /><logmodule name="fiorano.esb.adapter.jca.dii.xmlsplitter.monitor" uniqueNameRequired="true" /><logmodule name="com.fiorano.bc.trgateway" uniqueNameRequired="true" /></logmodules><runtime-arguments><runtime-argument name="JVM_PARAMS" mandatory="false" inmemory="false"><value> -client -DLOG_TO_STREAM=true -Xrs -XX:MetaspaceSize=128m -XX:MaxMetaspaceSize=256m</value></runtime-argument><runtime-argument name="JAVA_HOME" mandatory="false" inmemory="false" /></runtime-arguments><servicerefs /></inst><inst name="XMLVerfication2"><service guid="XMLVerfication" version="4.0" /><config-file name="XMLVerfication2.xml" /><deployment nodes="fps" /><execution><debug enabled="false" port="5000" suspend="false" /><launchOrder-Sequence sequence="-1" /><stopOrder-Sequence sequence="-1" /></execution><inputport-instances><inputport-instance name="IN_PORT"><description>Receives incoming XML messages</description><jms><destination /><subscriber><transaction enabled="false" /><subscription durable="false" /></subscriber></jms><workflow type="0" datatype="2" enablecallout="false" /></inputport-instance></inputport-instances><outputport-instances><outputport-instance name="OUT_PORT"><description>Gets messages which are verified against a DTD</description><schema root="id"><file>OUT_PORT10.xsd</file></schema><jms><destination /><publisher><messages persistent="true" /></publisher></jms><workflow type="0" datatype="2" enablecallout="false" /></outputport-instance><outputport-instance name="FAILED_PORT"><description>Gets the failed messages</description><jms><destination /><publisher><messages persistent="true" /></publisher></jms><workflow type="0" datatype="2" enablecallout="false" /></outputport-instance><outputport-instance name="ON_EXCEPTION"><description>Used as an Exception Port</description><schema root="{http://www.fiorano.com/fesb/activity/fault}Error"><file>ON_EXCEPTION.xsd</file></schema><jms><destination /><publisher><messages persistent="true" /></publisher></jms><workflow type="1" datatype="2" enablecallout="false" /></outputport-instance></outputport-instances><logmanager logger="java.util.logging.FileHandler"><Param name="java.util.logging.FileHandler.limit">1000000</Param><Param name="java.util.logging.FileHandler.dir">logs</Param><Param name="fiorano.jms.log2.def.DefaultFormatter.dateformat">MM/dd/yyyy HH:mm:ss</Param><Param name="java.util.logging.FileHandler.count">4</Param><Param name="fiorano.jms.log2.def.DefaultFormatter.includetimestamp">true</Param></logmanager><logmodules><logmodule name="com.fiorano.services.xmlverification.XmlVerificationService" level="WARNING" uniqueNameRequired="true" /><logmodule name="com.fiorano.services.xmlverification.transport.jms" level="WARNING" uniqueNameRequired="true" /><logmodule name="com.fiorano.services.xmlverification.engine" level="WARNING" uniqueNameRequired="true" /><logmodule name="ERR_HANDLER" uniqueNameRequired="true" /><logmodule name="OUT_HANDLER" level="INFO" uniqueNameRequired="true" /></logmodules><runtime-arguments><runtime-argument name="JVM_PARAMS" mandatory="false" inmemory="false"><value> -client -DLOG_TO_STREAM=true -Xrs -XX:MetaspaceSize=128m -XX:MaxMetaspaceSize=256m</value></runtime-argument><runtime-argument name="JAVA_HOME" mandatory="false" inmemory="false" /></runtime-arguments><servicerefs /></inst><inst name="Display1"><service guid="Display" version="4.0" /><short-description>Component for Displaying documents</short-description><deployment nodes="fps" /><execution><debug enabled="false" port="5000" suspend="false" /><launchOrder-Sequence sequence="-1" /><stopOrder-Sequence sequence="-1" /></execution><inputport-instances><inputport-instance name="IN_PORT"><description>Receives all incoming messages to display them in a user friendly format</description><jms><destination /><subscriber><transaction enabled="false" /><subscription durable="false" /></subscriber></jms><workflow type="0" datatype="2" enablecallout="false" /></inputport-instance></inputport-instances><outputport-instances><outputport-instance name="OUT_PORT"><description>Sends the document received at input port to the next business component in the workflow</description><jms><destination /><publisher><messages persistent="true" /></publisher></jms><workflow type="0" datatype="2" enablecallout="false" /></outputport-instance><outputport-instance name="ON_EXCEPTION"><description>Used as an Exception Port</description><schema root="{http://www.fiorano.com/fesb/activity/fault}Error"><file>ON_EXCEPTION.xsd</file></schema><jms><destination /><publisher><messages persistent="true" /></publisher></jms><workflow type="1" datatype="2" enablecallout="false" /></outputport-instance></outputport-instances><logmanager logger="java.util.logging.FileHandler"><Param name="java.util.logging.FileHandler.limit">1000000</Param><Param name="java.util.logging.FileHandler.dir">logs</Param><Param name="fiorano.jms.log2.def.DefaultFormatter.dateformat">MM/dd/yyyy HH:mm:ss</Param><Param name="java.util.logging.FileHandler.count">4</Param><Param name="fiorano.jms.log2.def.DefaultFormatter.includetimestamp">true</Param></logmanager><logmodules><logmodule name="com.fiorano.services.display.DisplayService" level="WARNING" uniqueNameRequired="true" /><logmodule name="com.fiorano.services.display.transport.jms" level="WARNING" uniqueNameRequired="true" /><logmodule name="com.fiorano.services.display.engine" level="WARNING" uniqueNameRequired="true" /><logmodule name="ERR_HANDLER" uniqueNameRequired="true" /><logmodule name="OUT_HANDLER" level="INFO" uniqueNameRequired="true" /></logmodules><runtime-arguments><runtime-argument name="JVM_PARAMS" mandatory="false" inmemory="false"><value> -client -DLOG_TO_STREAM=true -Xrs -XX:MetaspaceSize=128m -XX:MaxMetaspaceSize=256m</value></runtime-argument><runtime-argument name="JAVA_HOME" mandatory="false" inmemory="false" /></runtime-arguments><servicerefs /></inst></service-instances><routes><route name="route11"><source inst="DBQuery1" port="OUT_PORT" /><target inst="XMLSplitter1" port="IN_PORT" /><messages durabilitySource="Application" /><logmodules /></route><route name="route1"><source inst="XMLSplitter1" port="OUT_PORT" /><target inst="XMLVerfication1" port="IN_PORT" /><messages durabilitySource="Application" /><logmodules /></route><route name="route9"><source inst="Write_CSV_Locally" port="OUT_PORT" /><target inst="POST_To_FTP" port="IN_PORT" /><messages durabilitySource="Application" /><message-transformation><script-file name="script.xml" /><project-file name="project" /></message-transformation><logmodules /></route><route name="route5"><source inst="XMLVerfication1" port="OUT_PORT" /><target inst="JSONConverter1" port="IN_PORT_1" /><messages durabilitySource="Application" /><message-transformation><project-file name="project" /><jms-script-file name="jmsScript.xml" /></message-transformation><logmodules /></route><route name="route23"><source inst="JSONConverter1" port="OUT_PORT_1" /><target inst="JSONConverter2" port="IN_PORT_1" /><messages durabilitySource="Application" /><logmodules /></route><route name="route24"><source inst="JSONConverter2" port="OUT_PORT_1" /><target inst="Aggregator2" port="IN_PORT" /><messages durabilitySource="Application" /><logmodules /></route><route name="route28"><source inst="Aggregator2" port="OUT_PORT" /><target inst="JSONConverter3" port="IN_PORT_1" /><messages durabilitySource="Application" /><logmodules /></route><route name="route29"><source inst="JSONConverter3" port="OUT_PORT_1" /><target inst="JSONConverter4" port="IN_PORT_1" /><messages durabilitySource="Application" /><logmodules /></route><route name="route38"><source inst="XML2Text4" port="OUT_PORT" /><target inst="Write_CSV_Locally" port="IN_PORT" /><messages durabilitySource="Application" /><logmodules /></route><route name="route39"><source inst="JSONConverter4" port="OUT_PORT_1" /><target inst="XML2Text4" port="IN_PORT" /><messages durabilitySource="Application" /><message-transformation><script-file name="script.xml" /><project-file name="project" /></message-transformation><logmodules /></route><route name="route2"><source inst="POST_To_FTP" port="OUT_PORT" /><target inst="XMLSplitter2" port="IN_PORT" /><messages durabilitySource="Application" /><message-transformation><script-file name="script.xml" /><project-file name="project" /></message-transformation><logmodules /></route><route name="route4"><source inst="XMLSplitter2" port="OUT_PORT" /><target inst="XMLVerfication2" port="IN_PORT" /><messages durabilitySource="Application" /><logmodules /></route><route name="route6"><source inst="XMLVerfication2" port="OUT_PORT" /><target inst="Update_Processing_Status" port="IN_PORT" /><messages durabilitySource="Application" /><message-transformation><script-file name="script.xml" /><project-file name="project" /></message-transformation><logmodules /></route><route name="route7"><source inst="Update_Processing_Status" port="OUT_PORT" /><target inst="Display1" port="IN_PORT" /><messages durabilitySource="Application" /><logmodules /></route></routes></application>