<?xml version="1.0" encoding="UTF-8"?> 
<java version="1.8.0_121" class="java.beans.XMLDecoder"> 
 <object class="com.fiorano.edbc.jsonconverter.model.JSONConverterPM"> 
  <void property="JSON2XML"> 
   <boolean>false</boolean> 
  </void> 
  <void property="configuredVersion"> 
   <int>1100</int> 
  </void> 
  <void property="errorHandlingConfiguration"> 
   <void property="errorActionsMap"> 
    <void method="get"> 
     <object class="com.fiorano.edbc.framework.service.exception.ServiceErrorID" method="getServiceErrorId"> 
      <int>3</int> 
     </object> 
     <void method="clear"/> 
     <void method="add"> 
      <object class="com.fiorano.edbc.framework.service.exception.ErrorHandlingAction"> 
       <void property="enabled"> 
        <boolean>true</boolean> 
       </void> 
      </object> 
     </void> 
     <void method="add"> 
      <object class="com.fiorano.edbc.framework.service.exception.ErrorHandlingAction"> 
       <void property="enabled"> 
        <boolean>true</boolean> 
       </void> 
       <void property="id"> 
        <int>5</int> 
       </void> 
      </object> 
     </void> 
    </void> 
    <void method="get"> 
     <object class="com.fiorano.edbc.framework.service.exception.ServiceErrorID" method="getServiceErrorId"> 
      <int>2</int> 
     </object> 
     <void method="clear"/> 
     <void method="add"> 
      <object class="com.fiorano.edbc.framework.service.exception.ErrorHandlingAction"> 
       <void property="enabled"> 
        <boolean>true</boolean> 
       </void> 
      </object> 
     </void> 
     <void method="add"> 
      <object class="com.fiorano.edbc.framework.service.exception.ErrorHandlingAction"> 
       <void property="enabled"> 
        <boolean>true</boolean> 
       </void> 
       <void property="id"> 
        <int>1</int> 
       </void> 
      </object> 
     </void> 
    </void> 
    <void method="get"> 
     <object class="com.fiorano.edbc.framework.service.exception.ServiceErrorID" method="getServiceErrorId"> 
      <int>1</int> 
     </object> 
     <void method="clear"/> 
     <void method="add"> 
      <object class="com.fiorano.edbc.framework.service.exception.ErrorHandlingAction"> 
       <void property="enabled"> 
        <boolean>true</boolean> 
       </void> 
      </object> 
     </void> 
     <void method="add"> 
      <object class="com.fiorano.edbc.framework.service.exception.RetryAction"> 
       <void property="configuration"> 
        <object class="com.fiorano.edbc.framework.service.exception.RetryConfiguration"> 
         <void property="otherActions"> 
          <void method="put"> 
           <object class="com.fiorano.edbc.framework.service.exception.ErrorHandlingAction"> 
            <void property="id"> 
             <int>1</int> 
            </void> 
           </object> 
           <int>1</int> 
          </void> 
          <void method="put"> 
           <object class="com.fiorano.edbc.framework.service.exception.ErrorHandlingAction"/> 
           <int>1</int> 
          </void> 
         </void> 
        </object> 
       </void> 
       <void property="id"> 
        <int>2</int> 
       </void> 
      </object> 
     </void> 
     <void method="add"> 
      <object class="com.fiorano.edbc.framework.service.exception.ErrorHandlingAction"> 
       <void property="enabled"> 
        <boolean>true</boolean> 
       </void> 
       <void property="id"> 
        <int>1</int> 
       </void> 
      </object> 
     </void> 
     <void method="add"> 
      <object class="com.fiorano.edbc.framework.service.exception.ErrorHandlingAction"> 
       <void property="id"> 
        <int>5</int> 
       </void> 
      </object> 
     </void> 
     <void method="add"> 
      <object class="com.fiorano.edbc.framework.service.exception.ErrorHandlingAction"> 
       <void property="id"> 
        <int>4</int> 
       </void> 
      </object> 
     </void> 
    </void> 
    <void method="get"> 
     <object class="com.fiorano.edbc.framework.service.exception.ServiceErrorID" method="getServiceErrorId"> 
      <int>0</int> 
     </object> 
     <void method="clear"/> 
     <void method="add"> 
      <object class="com.fiorano.edbc.framework.service.exception.ErrorHandlingAction"> 
       <void property="enabled"> 
        <boolean>true</boolean> 
       </void> 
      </object> 
     </void> 
     <void method="add"> 
      <object class="com.fiorano.edbc.framework.service.exception.ErrorHandlingAction"> 
       <void property="id"> 
        <int>6</int> 
       </void> 
      </object> 
     </void> 
     <void method="add"> 
      <object class="com.fiorano.edbc.framework.service.exception.ErrorHandlingAction"> 
       <void property="enabled"> 
        <boolean>true</boolean> 
       </void> 
       <void property="id"> 
        <int>1</int> 
       </void> 
      </object> 
     </void> 
     <void method="add"> 
      <object class="com.fiorano.edbc.framework.service.exception.ErrorHandlingAction"> 
       <void property="id"> 
        <int>5</int> 
       </void> 
      </object> 
     </void> 
    </void> 
   </void> 
  </void> 
 </object> 
</java> 
