<?xml version="1.0" encoding="ASCII"?>
<layout>
  <subflow name="FIORANO.ESTUDIO.ROOT_FLOW" x="0" y="0">
    <service-instance name="RESTStub1" x="201" y="184"/>
    <service-instance name="JSONConverter1" x="499" y="194"/>
    <service-instance name="JSONConverter2" x="763" y="202"/>
    <service-instance name="JSONConverter3" x="500" y="92"/>
    <service-instance name="JSONConverter4" x="768" y="96"/>
    <service-instance name="InsertOne2" x="628" y="87"/>
    <service-instance name="InsertOne1" x="634" y="183"/>
    <service-instance name="ErrorHandling" x="0" y="226"/>
  </subflow>
</layout>