<?xml version="1.0" encoding="UTF-8"?> 
<java version="1.8.0_121" class="java.beans.XMLDecoder"> 
 <object class="com.fiorano.services.reststub.configuration.RESTStubConfiguration"> 
  <void property="configuredVersion"> 
   <int>1100</int> 
  </void> 
  <void property="encryptDecryptElementsMap"> 
   <void method="put"> 
    <string>InsuranceCommit__POST__Response</string> 
    <object class="com.fiorano.services.common.configuration.EncryptDecryptElements"/> 
   </void> 
   <void method="put"> 
    <string>InsuranceCancel__POST__Response</string> 
    <object class="com.fiorano.services.common.configuration.EncryptDecryptElements"/> 
   </void> 
   <void method="put"> 
    <string>InsuranceCommit__POST__Request</string> 
    <object class="com.fiorano.services.common.configuration.EncryptDecryptElements"> 
     <void property="namespaces"> 
      <void method="put"> 
       <string>xsd</string> 
       <string>http://www.w3.org/2001/XMLSchema</string> 
      </void> 
      <void method="put"> 
       <string>xml</string> 
       <string>http://www.w3.org/XML/1998/namespace</string> 
      </void> 
      <void method="put"> 
       <string>ns1</string> 
       <string>http://www.fiorano.com/services/rest</string> 
      </void> 
     </void> 
    </object> 
   </void> 
   <void method="put"> 
    <string>InsuranceCancel__POST__Request</string> 
    <object class="com.fiorano.services.common.configuration.EncryptDecryptElements"/> 
   </void> 
  </void> 
  <void property="errorHandlingConfiguration"> 
   <void property="errorActionsMap"> 
    <void method="get"> 
     <object class="com.fiorano.edbc.framework.service.exception.ServiceErrorID" method="getServiceErrorId"> 
      <int>3</int> 
     </object> 
     <void method="clear"/> 
     <void method="add"> 
      <object class="com.fiorano.edbc.framework.service.exception.ErrorHandlingAction"/> 
     </void> 
     <void method="add"> 
      <object class="com.fiorano.edbc.framework.service.exception.ErrorHandlingAction"> 
       <void property="id"> 
        <int>5</int> 
       </void> 
      </object> 
     </void> 
    </void> 
    <void method="get"> 
     <object class="com.fiorano.edbc.framework.service.exception.ServiceErrorID" method="getServiceErrorId"> 
      <int>2</int> 
     </object> 
     <void method="clear"/> 
     <void method="add"> 
      <object class="com.fiorano.edbc.framework.service.exception.ErrorHandlingAction"/> 
     </void> 
     <void method="add"> 
      <object class="com.fiorano.edbc.framework.service.exception.ErrorHandlingAction"> 
       <void property="id"> 
        <int>1</int> 
       </void> 
      </object> 
     </void> 
    </void> 
    <void method="get"> 
     <object class="com.fiorano.edbc.framework.service.exception.ServiceErrorID" method="getServiceErrorId"> 
      <int>1</int> 
     </object> 
     <void method="clear"/> 
     <void method="add"> 
      <object class="com.fiorano.edbc.framework.service.exception.ErrorHandlingAction"/> 
     </void> 
     <void method="add"> 
      <object class="com.fiorano.edbc.framework.service.exception.RetryAction"> 
       <void property="configuration"> 
        <object class="com.fiorano.edbc.framework.service.exception.RetryConfiguration"> 
         <void property="otherActions"> 
          <void method="put"> 
           <object class="com.fiorano.edbc.framework.service.exception.ErrorHandlingAction"> 
            <void property="id"> 
             <int>1</int> 
            </void> 
           </object> 
           <int>1</int> 
          </void> 
          <void method="put"> 
           <object class="com.fiorano.edbc.framework.service.exception.ErrorHandlingAction"/> 
           <int>1</int> 
          </void> 
         </void> 
        </object> 
       </void> 
       <void property="id"> 
        <int>2</int> 
       </void> 
      </object> 
     </void> 
     <void method="add"> 
      <object class="com.fiorano.edbc.framework.service.exception.ErrorHandlingAction"> 
       <void property="id"> 
        <int>1</int> 
       </void> 
      </object> 
     </void> 
     <void method="add"> 
      <object class="com.fiorano.edbc.framework.service.exception.ErrorHandlingAction"> 
       <void property="id"> 
        <int>5</int> 
       </void> 
      </object> 
     </void> 
     <void method="add"> 
      <object class="com.fiorano.edbc.framework.service.exception.ErrorHandlingAction"> 
       <void property="id"> 
        <int>4</int> 
       </void> 
      </object> 
     </void> 
    </void> 
    <void method="get"> 
     <object class="com.fiorano.edbc.framework.service.exception.ServiceErrorID" method="getServiceErrorId"> 
      <int>0</int> 
     </object> 
     <void method="clear"/> 
     <void method="add"> 
      <object class="com.fiorano.edbc.framework.service.exception.ErrorHandlingAction"/> 
     </void> 
     <void method="add"> 
      <object class="com.fiorano.edbc.framework.service.exception.ErrorHandlingAction"> 
       <void property="id"> 
        <int>6</int> 
       </void> 
      </object> 
     </void> 
     <void method="add"> 
      <object class="com.fiorano.edbc.framework.service.exception.ErrorHandlingAction"> 
       <void property="id"> 
        <int>1</int> 
       </void> 
      </object> 
     </void> 
     <void method="add"> 
      <object class="com.fiorano.edbc.framework.service.exception.ErrorHandlingAction"> 
       <void property="id"> 
        <int>5</int> 
       </void> 
      </object> 
     </void> 
    </void> 
   </void> 
  </void> 
  <void property="executionConfiguration"> 
   <void property="executionTimeout"> 
    <long>60000</long> 
   </void> 
  </void> 
  <void property="fesConnectionConfiguration"> 
   <void property="isUseConnectionDetailsFromFPS"> 
    <boolean>true</boolean> 
   </void> 
   <void property="password" isEncrypted="true"> 
    <string>DMSLzKckc/JLgIUhIpdeyw==</string> 
   </void> 
  </void> 
  <void property="serviceName"> 
   <string>Insurance_Commit</string> 
  </void> 
  <void property="transportSecurityConfiguration"> 
   <void property="httpAuthConfiguration"> 
    <void property="domain"> 
     <string></string> 
    </void> 
    <void property="hostname"> 
     <string></string> 
    </void> 
    <void property="password" isEncrypted="true"> 
     <string></string> 
    </void> 
    <void property="realm"> 
     <string></string> 
    </void> 
    <void property="username"> 
     <string></string> 
    </void> 
   </void> 
   <void property="sslConfiguration"> 
    <void property="keyClientPassword" isEncrypted="true"> 
     <string></string> 
    </void> 
    <void property="keyStoreLocation"> 
     <string></string> 
    </void> 
    <void property="keyStorePassword" isEncrypted="true"> 
     <string></string> 
    </void> 
    <void property="trustStoreLocation"> 
     <string></string> 
    </void> 
    <void property="trustStorePassword" isEncrypted="true"> 
     <string></string> 
    </void> 
   </void> 
  </void> 
  <void property="wadlConfiguration"> 
   <void property="basePath"> 
    <string>Auto Generated</string> 
   </void> 
   <void property="wadl"> 
    <string>&lt;ns:application xmlns:ns=&quot;http://wadl.dev.java.net/2009/02&quot;&gt;&#13;
    &lt;ns:grammars/&gt;&#13;
    &lt;ns:resources base=&quot;Auto Generated&quot;&gt;&#13;
        &lt;ns:resource id=&quot;InsuranceCommit&quot; path=&quot;InsuranceCommit&quot; queryType=&quot;application/x-www-form-urlencoded&quot;&gt;&#13;
            &lt;ns:method name=&quot;POST&quot; id=&quot;&quot;&gt;&#13;
                &lt;ns:request&gt;&#13;
                    &lt;ns:representation mediaType=&quot;application/json&quot;/&gt;&#13;
                &lt;/ns:request&gt;&#13;
                &lt;ns:response status=&quot;200 201 202&quot;&gt;&#13;
                    &lt;ns:representation mediaType=&quot;application/json&quot;/&gt;&#13;
                &lt;/ns:response&gt;&#13;
            &lt;/ns:method&gt;&#13;
        &lt;/ns:resource&gt;&#13;
        &lt;ns:resource id=&quot;InsuranceCancel&quot; path=&quot;InsuranceCancel&quot; queryType=&quot;application/x-www-form-urlencoded&quot;&gt;&#13;
            &lt;ns:method name=&quot;POST&quot; id=&quot;&quot;&gt;&#13;
                &lt;ns:request&gt;&#13;
                    &lt;ns:representation mediaType=&quot;application/json&quot;/&gt;&#13;
                &lt;/ns:request&gt;&#13;
                &lt;ns:response status=&quot;200 201 202&quot;&gt;&#13;
                    &lt;ns:representation mediaType=&quot;application/json&quot;/&gt;&#13;
                &lt;/ns:response&gt;&#13;
            &lt;/ns:method&gt;&#13;
        &lt;/ns:resource&gt;&#13;
    &lt;/ns:resources&gt;&#13;
&lt;/ns:application&gt;</string> 
   </void> 
  </void> 
 </object> 
</java> 
