<?xml version="1.0" encoding="UTF-8"?>
<xsl:stylesheet version="1.0" xmlns:xalan="http://xml.apache.org/xslt" xmlns:datetime="http://exslt.org/dates-and-times" xmlns:math="http://exslt.org/math" xmlns:xsl="http://www.w3.org/1999/XSL/Transform" xmlns:lxslt="http://xml.apache.org/xslt" xmlns:xsi="http://www.w3.org/2001/XMLSchema-instance" xmlns:java="http://xml.apache.org/xslt/java" xmlns:set="http://exslt.org/sets" exclude-result-prefixes="xalan java lxslt" xmlns:ns3="http://www.w3.org/2001/XMLSchema" xmlns:ns1="http://www.fiorano.com/fesb/activity/XML2Text1" xmlns:FindJSONByCSV="FindJSONByCSV" xmlns:InsertQuotes="InsertQuotes" xmlns:LookupJSONValue="LookupJSONValue" xmlns:StringManipulation="StringManipulation" xmlns:dateConversion="dateConversion" xmlns:myext="myext" xmlns:strings="strings" extension-element-prefixes="datetime set math FindJSONByCSV InsertQuotes LookupJSONValue StringManipulation dateConversion myext strings">
  <xsl:import href="GLOBAL_FUNCLET_PATH"></xsl:import>
  <xsl:output method="xml" indent="yes" encoding="UTF-8" xalan:indent-amount="2" omit-xml-declaration="no"></xsl:output>
  <xsl:variable name="document" select="/"></xsl:variable>
  <xsl:variable name="document_OUT_PORT_1" select="document('OUT_PORT_1')"></xsl:variable>
  <xsl:template match="/">
    <ns1:EmptySchema>
      <xsl:for-each select="$document_OUT_PORT_1/root/Row">
        <ns1:Record1>
          <ns1:Element1>
            <xsl:value-of select="./CompanyId"></xsl:value-of>
          </ns1:Element1>
          <ns1:Element2>
            <xsl:value-of select="./CompanyName"></xsl:value-of>
          </ns1:Element2>
          <ns1:Element3>
            <xsl:value-of select="./CompanyStreet1"></xsl:value-of>
          </ns1:Element3>
          <ns1:Element4>
            <xsl:value-of select="./CompanyStreet2"></xsl:value-of>
          </ns1:Element4>
          <ns1:Element5>
            <xsl:value-of select="./CompanyCity"></xsl:value-of>
          </ns1:Element5>
          <ns1:Element6>
            <xsl:value-of select="./CompanyState"></xsl:value-of>
          </ns1:Element6>
          <ns1:Element7>
            <xsl:value-of select="./CompanyZip"></xsl:value-of>
          </ns1:Element7>
          <ns1:Element8>
            <xsl:value-of select="./CompanyCountry"></xsl:value-of>
          </ns1:Element8>
          <ns1:Element9>
            <xsl:value-of select="./CompanyEmail"></xsl:value-of>
          </ns1:Element9>
          <ns1:Element10>
            <xsl:value-of select="./CompanyContactId"></xsl:value-of>
          </ns1:Element10>
          <ns1:Element11>
            <xsl:value-of select="./CompanyContactFirstName"></xsl:value-of>
          </ns1:Element11>
          <ns1:Element12>
            <xsl:value-of select="./CompanyContactLastName"></xsl:value-of>
          </ns1:Element12>
          <ns1:Element13>
            <xsl:value-of select="./CompanyContactStreet1"></xsl:value-of>
          </ns1:Element13>
          <ns1:Element14>
            <xsl:value-of select="./CompanyContactStreet2"></xsl:value-of>
          </ns1:Element14>
          <ns1:Element15>
            <xsl:value-of select="./CompanyContactCity"></xsl:value-of>
          </ns1:Element15>
          <ns1:Element16>
            <xsl:value-of select="./CompanyContactState"></xsl:value-of>
          </ns1:Element16>
          <ns1:Element17>
            <xsl:value-of select="./CompanyContactZip"></xsl:value-of>
          </ns1:Element17>
          <ns1:Element18>
            <xsl:value-of select="./CompanyContactCountry"></xsl:value-of>
          </ns1:Element18>
          <ns1:Element19>
            <xsl:value-of select="./CompanyContactEmail"></xsl:value-of>
          </ns1:Element19>
          <ns1:Element20>
            <xsl:value-of select="./BOLNumber"></xsl:value-of>
          </ns1:Element20>
          <ns1:Element21>
            <xsl:value-of select="./ShippingTypeID"></xsl:value-of>
          </ns1:Element21>
          <ns1:Element22>
            <xsl:value-of select="./ShippingDate"></xsl:value-of>
          </ns1:Element22>
          <ns1:Element23>
            <xsl:value-of select="./ShippingSumInsured"></xsl:value-of>
          </ns1:Element23>
          <ns1:Element24>
            <xsl:value-of select="./ShippingMerchandiseDescription"></xsl:value-of>
          </ns1:Element24>
          <ns1:Element25>
            <xsl:value-of select="./OriginStreet1"></xsl:value-of>
          </ns1:Element25>
          <ns1:Element26>
            <xsl:value-of select="./OriginStreet2"></xsl:value-of>
          </ns1:Element26>
          <ns1:Element27>
            <xsl:value-of select="./OriginCity"></xsl:value-of>
          </ns1:Element27>
          <ns1:Element28>
            <xsl:value-of select="./OriginState"></xsl:value-of>
          </ns1:Element28>
          <ns1:Element29>
            <xsl:value-of select="./OriginZip"></xsl:value-of>
          </ns1:Element29>
          <ns1:Element30>
            <xsl:value-of select="./OriginCountry"></xsl:value-of>
          </ns1:Element30>
          <ns1:Element31>
            <xsl:value-of select="./DestinationStreet1"></xsl:value-of>
          </ns1:Element31>
          <ns1:Element32>
            <xsl:value-of select="./DestinationStreet2"></xsl:value-of>
          </ns1:Element32>
          <ns1:Element33>
            <xsl:value-of select="./DestinationCity"></xsl:value-of>
          </ns1:Element33>
          <ns1:Element34>
            <xsl:value-of select="./DestinationState"></xsl:value-of>
          </ns1:Element34>
          <ns1:Element35>
            <xsl:value-of select="./DestinationZip"></xsl:value-of>
          </ns1:Element35>
          <ns1:Element36>
            <xsl:value-of select="./DestinationCountry"></xsl:value-of>
          </ns1:Element36>
          <ns1:Element37>
            <xsl:value-of select="./CarrierId"></xsl:value-of>
          </ns1:Element37>
          <ns1:Element38>
            <xsl:value-of select="./CarrierName"></xsl:value-of>
          </ns1:Element38>
          <ns1:Element39>
            <xsl:value-of select="./BrokerId"></xsl:value-of>
          </ns1:Element39>
          <ns1:Element40>
            <xsl:value-of select="./BrokerName"></xsl:value-of>
          </ns1:Element40>
          <ns1:Element41>
            <xsl:value-of select="./BrokerStreet1"></xsl:value-of>
          </ns1:Element41>
          <ns1:Element42>
            <xsl:value-of select="./BrokerStreet2"></xsl:value-of>
          </ns1:Element42>
          <ns1:Element43>
            <xsl:value-of select="./BrokerCity"></xsl:value-of>
          </ns1:Element43>
          <ns1:Element44>
            <xsl:value-of select="./BrokerState"></xsl:value-of>
          </ns1:Element44>
          <ns1:Element45>
            <xsl:value-of select="./BrokerZip"></xsl:value-of>
          </ns1:Element45>
          <ns1:Element46>
            <xsl:value-of select="./BrokerCountry"></xsl:value-of>
          </ns1:Element46>
          <ns1:Element47>
            <xsl:value-of select="./BrokerEmail"></xsl:value-of>
          </ns1:Element47>
          <ns1:Element48>
            <xsl:value-of select="./BrokerContactId"></xsl:value-of>
          </ns1:Element48>
          <ns1:Element49>
            <xsl:value-of select="./BrokerContactFirstName"></xsl:value-of>
          </ns1:Element49>
          <ns1:Element50>
            <xsl:value-of select="./BrokerContactLastName"></xsl:value-of>
          </ns1:Element50>
          <ns1:Element51>
            <xsl:value-of select="./BrokerContactStreet1"></xsl:value-of>
          </ns1:Element51>
          <ns1:Element52>
            <xsl:value-of select="./BrokerContactStreet2"></xsl:value-of>
          </ns1:Element52>
          <ns1:Element53>
            <xsl:value-of select="./BrokerContactCity"></xsl:value-of>
          </ns1:Element53>
          <ns1:Element54>
            <xsl:value-of select="./BrokerContactState"></xsl:value-of>
          </ns1:Element54>
          <ns1:Element55>
            <xsl:value-of select="./BrokerContactZip"></xsl:value-of>
          </ns1:Element55>
          <ns1:Element56>
            <xsl:value-of select="./BrokerContactCountry"></xsl:value-of>
          </ns1:Element56>
          <ns1:Element57>
            <xsl:value-of select="./BrokerContactEmail"></xsl:value-of>
          </ns1:Element57>
          <ns1:Element58>
            <xsl:value-of select="./IsTruckload"></xsl:value-of>
          </ns1:Element58>
          <ns1:Element59>
            <xsl:value-of select="./DeliveryDate"></xsl:value-of>
          </ns1:Element59>
        </ns1:Record1>
      </xsl:for-each>
    </ns1:EmptySchema>
  </xsl:template>
</xsl:stylesheet>