<?xml version="1.0" encoding="UTF-8"?>
<xsl:stylesheet version="1.0" xmlns:xalan="http://xml.apache.org/xslt" xmlns:datetime="http://exslt.org/dates-and-times" xmlns:math="http://exslt.org/math" xmlns:xsl="http://www.w3.org/1999/XSL/Transform" xmlns:lxslt="http://xml.apache.org/xslt" xmlns:xsi="http://www.w3.org/2001/XMLSchema-instance" xmlns:java="http://xml.apache.org/xslt/java" xmlns:set="http://exslt.org/sets" exclude-result-prefixes="xalan java lxslt" xmlns:ns1="http://www.w3.org/2001/XMLSchema" xmlns:FindJSONByCSV="FindJSONByCSV" xmlns:LookupJSONValue="LookupJSONValue" xmlns:StringManipulation="StringManipulation" xmlns:dateConversion="dateConversion" xmlns:myext="myext" xmlns:strings="strings" extension-element-prefixes="datetime set math FindJSONByCSV LookupJSONValue StringManipulation dateConversion myext strings">
  <xsl:import href="GLOBAL_FUNCLET_PATH"></xsl:import>
  <xsl:output method="xml" indent="yes" encoding="UTF-8" xalan:indent-amount="2" omit-xml-declaration="no"></xsl:output>
  <xsl:variable name="document" select="/"></xsl:variable>
  <xsl:variable name="document_OUT_PORT_1" select="document('OUT_PORT_1')"></xsl:variable>
  <xsl:template match="/">
    <root>
      <RawRequestData>
        <xsl:value-of select="root/RawRequestData"></xsl:value-of>
      </RawRequestData>
      <TransformedRequestData>
        <xsl:value-of select="root/TransformedRequestData"></xsl:value-of>
      </TransformedRequestData>
      <RequestData>
        <BOLNumber>
          <xsl:value-of select="$document_OUT_PORT_1/root/BOLNumber"></xsl:value-of>
        </BOLNumber>
        <BrokerCity>
          <xsl:value-of select="$document_OUT_PORT_1/root/BrokerCity"></xsl:value-of>
        </BrokerCity>
        <BrokerContactCity>
          <xsl:value-of select="$document_OUT_PORT_1/root/BrokerContactCity"></xsl:value-of>
        </BrokerContactCity>
        <BrokerContactCountry>
          <xsl:value-of select="$document_OUT_PORT_1/root/BrokerContactCountry"></xsl:value-of>
        </BrokerContactCountry>
        <BrokerContactEmail>
          <xsl:value-of select="$document_OUT_PORT_1/root/BrokerContactEmail"></xsl:value-of>
        </BrokerContactEmail>
        <BrokerContactFirstName>
          <xsl:value-of select="$document_OUT_PORT_1/root/BrokerContactFirstName"></xsl:value-of>
        </BrokerContactFirstName>
        <BrokerContactId>
          <xsl:value-of select="$document_OUT_PORT_1/root/BrokerContactId"></xsl:value-of>
        </BrokerContactId>
        <BrokerContactLastName>
          <xsl:value-of select="$document_OUT_PORT_1/root/BrokerContactLastName"></xsl:value-of>
        </BrokerContactLastName>
        <BrokerContactState>
          <xsl:value-of select="$document_OUT_PORT_1/root/BrokerContactState"></xsl:value-of>
        </BrokerContactState>
        <BrokerContactStreet1>
          <xsl:value-of select="$document_OUT_PORT_1/root/BrokerContactStreet1"></xsl:value-of>
        </BrokerContactStreet1>
        <BrokerContactStreet2>
          <xsl:value-of select="$document_OUT_PORT_1/root/BrokerContactStreet2"></xsl:value-of>
        </BrokerContactStreet2>
        <BrokerContactZip>
          <xsl:value-of select="$document_OUT_PORT_1/root/BrokerContactZip"></xsl:value-of>
        </BrokerContactZip>
        <BrokerCountry>
          <xsl:value-of select="$document_OUT_PORT_1/root/BrokerCountry"></xsl:value-of>
        </BrokerCountry>
        <BrokerEmail>
          <xsl:value-of select="$document_OUT_PORT_1/root/BrokerEmail"></xsl:value-of>
        </BrokerEmail>
        <BrokerId>
          <xsl:value-of select="$document_OUT_PORT_1/root/BrokerId"></xsl:value-of>
        </BrokerId>
        <BrokerName>
          <xsl:value-of select="$document_OUT_PORT_1/root/BrokerName"></xsl:value-of>
        </BrokerName>
        <BrokerState>
          <xsl:value-of select="$document_OUT_PORT_1/root/BrokerState"></xsl:value-of>
        </BrokerState>
        <BrokerStreet1>
          <xsl:value-of select="$document_OUT_PORT_1/root/BrokerStreet1"></xsl:value-of>
        </BrokerStreet1>
        <BrokerStreet2>
          <xsl:value-of select="$document_OUT_PORT_1/root/BrokerStreet2"></xsl:value-of>
        </BrokerStreet2>
        <BrokerZip>
          <xsl:value-of select="$document_OUT_PORT_1/root/BrokerZip"></xsl:value-of>
        </BrokerZip>
        <CarrierId>
          <xsl:value-of select="$document_OUT_PORT_1/root/CarrierId"></xsl:value-of>
        </CarrierId>
        <CarrierName>
          <xsl:value-of select="$document_OUT_PORT_1/root/CarrierName"></xsl:value-of>
        </CarrierName>
        <CompanyCity>
          <xsl:value-of select="$document_OUT_PORT_1/root/CompanyCity"></xsl:value-of>
        </CompanyCity>
        <CompanyContactCity>
          <xsl:value-of select="$document_OUT_PORT_1/root/CompanyContactCity"></xsl:value-of>
        </CompanyContactCity>
        <CompanyContactCountry>
          <xsl:value-of select="$document_OUT_PORT_1/root/CompanyContactCountry"></xsl:value-of>
        </CompanyContactCountry>
        <CompanyContactEmail>
          <xsl:value-of select="$document_OUT_PORT_1/root/CompanyContactEmail"></xsl:value-of>
        </CompanyContactEmail>
        <CompanyContactFirstName>
          <xsl:value-of select="$document_OUT_PORT_1/root/CompanyContactFirstName"></xsl:value-of>
        </CompanyContactFirstName>
        <CompanyContactId>
          <xsl:value-of select="$document_OUT_PORT_1/root/CompanyContactId"></xsl:value-of>
        </CompanyContactId>
        <CompanyContactLastName>
          <xsl:value-of select="$document_OUT_PORT_1/root/CompanyContactLastName"></xsl:value-of>
        </CompanyContactLastName>
        <CompanyContactState>
          <xsl:value-of select="$document_OUT_PORT_1/root/CompanyContactState"></xsl:value-of>
        </CompanyContactState>
        <CompanyContactStreet1>
          <xsl:value-of select="$document_OUT_PORT_1/root/CompanyContactStreet1"></xsl:value-of>
        </CompanyContactStreet1>
        <CompanyContactStreet2>
          <xsl:value-of select="$document_OUT_PORT_1/root/CompanyContactStreet2"></xsl:value-of>
        </CompanyContactStreet2>
        <CompanyContactZip>
          <xsl:value-of select="$document_OUT_PORT_1/root/CompanyContactZip"></xsl:value-of>
        </CompanyContactZip>
        <CompanyCountry>
          <xsl:value-of select="$document_OUT_PORT_1/root/CompanyCountry"></xsl:value-of>
        </CompanyCountry>
        <CompanyEmail>
          <xsl:value-of select="$document_OUT_PORT_1/root/CompanyEmail"></xsl:value-of>
        </CompanyEmail>
        <CompanyId>
          <xsl:value-of select="$document_OUT_PORT_1/root/CompanyId"></xsl:value-of>
        </CompanyId>
        <CompanyName>
          <xsl:value-of select="$document_OUT_PORT_1/root/CompanyName"></xsl:value-of>
        </CompanyName>
        <CompanyState>
          <xsl:value-of select="$document_OUT_PORT_1/root/CompanyState"></xsl:value-of>
        </CompanyState>
        <CompanyStreet1>
          <xsl:value-of select="$document_OUT_PORT_1/root/CompanyStreet1"></xsl:value-of>
        </CompanyStreet1>
        <CompanyStreet2>
          <xsl:value-of select="$document_OUT_PORT_1/root/CompanyStreet2"></xsl:value-of>
        </CompanyStreet2>
        <CompanyZip>
          <xsl:value-of select="$document_OUT_PORT_1/root/CompanyZip"></xsl:value-of>
        </CompanyZip>
        <DeliveryDate>
          <xsl:value-of select="$document_OUT_PORT_1/root/DeliveryDate"></xsl:value-of>
        </DeliveryDate>
        <DestinationCity>
          <xsl:value-of select="$document_OUT_PORT_1/root/DestinationCity"></xsl:value-of>
        </DestinationCity>
        <DestinationCountry>
          <xsl:value-of select="$document_OUT_PORT_1/root/DestinationCountry"></xsl:value-of>
        </DestinationCountry>
        <DestinationState>
          <xsl:value-of select="$document_OUT_PORT_1/root/DestinationState"></xsl:value-of>
        </DestinationState>
        <DestinationStreet1>
          <xsl:value-of select="$document_OUT_PORT_1/root/DestinationStreet1"></xsl:value-of>
        </DestinationStreet1>
        <DestinationStreet2>
          <xsl:value-of select="$document_OUT_PORT_1/root/DestinationStreet2"></xsl:value-of>
        </DestinationStreet2>
        <DestinationZip>
          <xsl:value-of select="$document_OUT_PORT_1/root/DestinationZip"></xsl:value-of>
        </DestinationZip>
        <IsTruckload>
          <xsl:value-of select="$document_OUT_PORT_1/root/IsTruckload"></xsl:value-of>
        </IsTruckload>
        <OriginCity>
          <xsl:value-of select="$document_OUT_PORT_1/root/OriginCity"></xsl:value-of>
        </OriginCity>
        <OriginCountry>
          <xsl:value-of select="$document_OUT_PORT_1/root/OriginCountry"></xsl:value-of>
        </OriginCountry>
        <OriginState>
          <xsl:value-of select="$document_OUT_PORT_1/root/OriginState"></xsl:value-of>
        </OriginState>
        <OriginStreet1>
          <xsl:value-of select="$document_OUT_PORT_1/root/OriginStreet1"></xsl:value-of>
        </OriginStreet1>
        <OriginStreet2>
          <xsl:value-of select="$document_OUT_PORT_1/root/OriginStreet2"></xsl:value-of>
        </OriginStreet2>
        <OriginZip>
          <xsl:value-of select="$document_OUT_PORT_1/root/OriginZip"></xsl:value-of>
        </OriginZip>
        <ShippingDate>
          <xsl:value-of select="$document_OUT_PORT_1/root/ShippingDate"></xsl:value-of>
        </ShippingDate>
        <ShippingMerchandiseDescription>
          <xsl:value-of select="$document_OUT_PORT_1/root/ShippingMerchandiseDescription"></xsl:value-of>
        </ShippingMerchandiseDescription>
        <ShippingSumInsured>
          <xsl:value-of select="$document_OUT_PORT_1/root/ShippingSumInsured"></xsl:value-of>
        </ShippingSumInsured>
        <ShippingTypeID>
          <xsl:value-of select="$document_OUT_PORT_1/root/ShippingTypeID"></xsl:value-of>
        </ShippingTypeID>
      </RequestData>
    </root>
  </xsl:template>
</xsl:stylesheet>